<?xml version="1.0" encoding="UTF-8"?>
<ActivityRules xmlns="http://sldb.level3.com">
	<processFlowId>20002</processFlowId>
	<processFlowName>1S Disconnect</processFlowName>
	<Rule>
		<!-- Set Order Status = Accepted -->
		<ActivityId>207</ActivityId>
		<flowActivitySeqno>3</flowActivitySeqno>
		<parentFlowActivitySeqno>0</parentFlowActivitySeqno>
		<parentCondition>N</parentCondition>
	</Rule>
	<Rule>
		<!-- Remove ANI From NUMS -->
		<ActivityId>922</ActivityId>
		<flowActivitySeqno>6</flowActivitySeqno>
		<parentFlowActivitySeqno>3</parentFlowActivitySeqno>
		<parentCondition>N</parentCondition>
	</Rule>
	<Rule>
		<!-- Remove ANI From Inv - 1S (PRO) -->
		<ActivityId>923</ActivityId>
		<flowActivitySeqno>9</flowActivitySeqno>
		<parentFlowActivitySeqno>6</parentFlowActivitySeqno>
		<parentCondition>N</parentCondition>
	</Rule>
	<Rule>
		<!-- Deactivate ANI -->
		<ActivityId>924</ActivityId>
		<flowActivitySeqno>10</flowActivitySeqno>
		<parentFlowActivitySeqno>9</parentFlowActivitySeqno>
		<parentCondition>N</parentCondition>
	</Rule>
	<Rule>
		<!-- Is EFS Call Required (929/19) -->
		<ActivityId>929</ActivityId>
		<flowActivitySeqno>11</flowActivitySeqno>
		<parentFlowActivitySeqno>10</parentFlowActivitySeqno>
		<parentCondition>N</parentCondition>
	</Rule>
	<Rule>
		<!-- De-Provision Account Codes -->
		<ActivityId>931</ActivityId>
		<flowActivitySeqno>12</flowActivitySeqno>
		<parentFlowActivitySeqno>11</parentFlowActivitySeqno>
		<parentCondition>T</parentCondition>
	</Rule>
	<Rule>
		<!-- OR -->
		<ActivityId>51</ActivityId>
		<flowActivitySeqno>13</flowActivitySeqno>
		<parentFlowActivitySeqno>11</parentFlowActivitySeqno>
		<parentCondition>F</parentCondition>
		<boolOperator>OR</boolOperator>
	</Rule>
	<Rule>
		<!-- OR -->
		<ActivityId>51</ActivityId>
		<flowActivitySeqno>13</flowActivitySeqno>
		<parentFlowActivitySeqno>12</parentFlowActivitySeqno>
		<parentCondition>N</parentCondition>
		<boolOperator>OR</boolOperator>
	</Rule>
	<Rule>
		<!-- Is Mediation Call Required (943/14) -->
		<ActivityId>943</ActivityId>
		<flowActivitySeqno>14</flowActivitySeqno>
		<parentFlowActivitySeqno>13</parentFlowActivitySeqno>
		<parentCondition>N</parentCondition>
	</Rule>
	<Rule>
		<!-- Disconnect ANI In Mediation -->
		<ActivityId>925</ActivityId>
		<flowActivitySeqno>15</flowActivitySeqno>
		<parentFlowActivitySeqno>14</parentFlowActivitySeqno>
		<parentCondition>T</parentCondition>
	</Rule>
	<Rule>
		<!-- OR -->
		<ActivityId>51</ActivityId>
		<flowActivitySeqno>16</flowActivitySeqno>
		<parentFlowActivitySeqno>14</parentFlowActivitySeqno>
		<parentCondition>F</parentCondition>
		<boolOperator>OR</boolOperator>
	</Rule>
	<Rule>
		<!-- OR -->
		<ActivityId>51</ActivityId>
		<flowActivitySeqno>16</flowActivitySeqno>
		<parentFlowActivitySeqno>15</parentFlowActivitySeqno>
		<parentCondition>N</parentCondition>
		<boolOperator>OR</boolOperator>
	</Rule>
	<Rule>
		<!-- Order Status = Completed(202/22) -->
		<ActivityId>202</ActivityId>
		<flowActivitySeqno>18</flowActivitySeqno>
		<parentFlowActivitySeqno>16</parentFlowActivitySeqno>
		<parentCondition>N</parentCondition>
		<comments>Order Status = Completed</comments>
	</Rule>
	<Rule>
		<!-- Check and mark voice order Status = Completed(202/12) -->
		<ActivityId>918</ActivityId>
		<flowActivitySeqno>21</flowActivitySeqno>
		<parentFlowActivitySeqno>18</parentFlowActivitySeqno>
		<parentCondition>N</parentCondition>
	</Rule>
	<Rule>
		<!-- END -->
		<ActivityId>-1</ActivityId>
		<flowActivitySeqno>-1</flowActivitySeqno>
		<parentFlowActivitySeqno>21</parentFlowActivitySeqno>
		<parentCondition>N</parentCondition>
	</Rule>
</ActivityRules>
