<?xml version="1.0" encoding="UTF-8"?>
<ActivityRules xmlns="http://sldb.level3.com">
	<processFlowId>20001</processFlowId>
	<processFlowName>1S Block-Unblock</processFlowName>
	<Rule>
		<!-- Set Order Status = Accepted -->
		<ActivityId>207</ActivityId>
		<flowActivitySeqno>3</flowActivitySeqno>
		<parentFlowActivitySeqno>0</parentFlowActivitySeqno>
		<parentCondition>N</parentCondition>
	</Rule>
	<Rule>
		<!-- Update Order PRO Features -->
		<ActivityId>920</ActivityId>
		<flowActivitySeqno>6</flowActivitySeqno>
		<parentFlowActivitySeqno>3</parentFlowActivitySeqno>
		<parentCondition>N</parentCondition>
	</Rule>
	<Rule>
		<!-- Update Order NPAL Features -->
		<ActivityId>921</ActivityId>
		<flowActivitySeqno>9</flowActivitySeqno>
		<parentFlowActivitySeqno>6</parentFlowActivitySeqno>
		<parentCondition>N</parentCondition>
	</Rule>
	<Rule>
		<!-- Order Status = Completed(202/12) -->
		<ActivityId>202</ActivityId>
		<flowActivitySeqno>12</flowActivitySeqno>
		<parentFlowActivitySeqno>9</parentFlowActivitySeqno>
		<parentCondition>N</parentCondition>
		<comments>Order Status = Completed</comments>
	</Rule>
	<Rule>
		<!-- Check and mark voice order Status = Completed(202/12) -->
        <ActivityId>918</ActivityId>
        <flowActivitySeqno>15</flowActivitySeqno>
        <parentFlowActivitySeqno>12</parentFlowActivitySeqno>
        <parentCondition>N</parentCondition>
    </Rule>
	<Rule>
		<!-- END -->
		<ActivityId>-1</ActivityId>
		<flowActivitySeqno>-1</flowActivitySeqno>
		<parentFlowActivitySeqno>15</parentFlowActivitySeqno>
		<parentCondition>N</parentCondition>
	</Rule>
</ActivityRules>
