<?xml version="1.0" encoding="UTF-8"?>
<ActivityRules xmlns="http://sldb.level3.com">
	<processFlowId>20000</processFlowId>
	<processFlowName>1S PIC Install</processFlowName>
	<Rule>
		<!-- Set Order Status = Accepted -->
		<ActivityId>207</ActivityId>
		<flowActivitySeqno>3</flowActivitySeqno>
		<parentFlowActivitySeqno>0</parentFlowActivitySeqno>
		<parentCondition>N</parentCondition>
	</Rule>
	<Rule>
		<!-- Is Customer Move? -->
		<ActivityId>932</ActivityId>
		<flowActivitySeqno>4</flowActivitySeqno>
		<parentFlowActivitySeqno>3</parentFlowActivitySeqno>
		<parentCondition>N</parentCondition>
	</Rule>
	<Rule>
		<!-- Customer Move - Create Disconnect Orders -->
		<ActivityId>933</ActivityId>
		<flowActivitySeqno>6</flowActivitySeqno>
		<parentFlowActivitySeqno>4</parentFlowActivitySeqno>
		<parentCondition>T</parentCondition>
	</Rule>
	<Rule>
		<!-- Customer Move - Remove ANI from NUMS -->
		<ActivityId>934</ActivityId>
		<flowActivitySeqno>7</flowActivitySeqno>
		<parentFlowActivitySeqno>6</parentFlowActivitySeqno>
		<parentCondition>N</parentCondition>
	</Rule>
	<Rule>
		<!-- Customer Move - Remove ANI from PRO -->
		<ActivityId>936</ActivityId>
		<flowActivitySeqno>8</flowActivitySeqno>
		<parentFlowActivitySeqno>7</parentFlowActivitySeqno>
		<parentCondition>N</parentCondition>
	</Rule>
	<Rule>
		<!-- Customer Move - Is EFS removal required? -->
		<ActivityId>937</ActivityId>
		<flowActivitySeqno>9</flowActivitySeqno>
		<parentFlowActivitySeqno>8</parentFlowActivitySeqno>
		<parentCondition>N</parentCondition>
	</Rule>
	<Rule>
		<!-- Customer Move - Remove ANI from EFS -->
		<ActivityId>938</ActivityId>
		<flowActivitySeqno>10</flowActivitySeqno>
		<parentFlowActivitySeqno>9</parentFlowActivitySeqno>
		<parentCondition>T</parentCondition>
	</Rule>
	<Rule>
		<!-- OR -->
		<ActivityId>51</ActivityId>
		<flowActivitySeqno>11</flowActivitySeqno>
		<parentFlowActivitySeqno>9</parentFlowActivitySeqno>
		<parentCondition>F</parentCondition>
		<boolOperator>OR</boolOperator>
	</Rule>
	<Rule>
		<!-- OR -->
		<ActivityId>51</ActivityId>
		<flowActivitySeqno>11</flowActivitySeqno>
		<parentFlowActivitySeqno>10</parentFlowActivitySeqno>
		<parentCondition>N</parentCondition>
		<boolOperator>OR</boolOperator>
	</Rule>
	<Rule>
		<!-- Is Mediation Call Required (942/46) -->
		<ActivityId>942</ActivityId>
		<flowActivitySeqno>46</flowActivitySeqno>
		<parentFlowActivitySeqno>11</parentFlowActivitySeqno>
		<parentCondition>N</parentCondition>
	</Rule>
	<Rule>
		<!-- Customer Move - Remove ANI from Mediation -->
		<ActivityId>935</ActivityId>
		<flowActivitySeqno>12</flowActivitySeqno>
		<parentFlowActivitySeqno>46</parentFlowActivitySeqno>
		<parentCondition>T</parentCondition>
	</Rule>
	<Rule>
		<!-- OR -->
		<ActivityId>51</ActivityId>
		<flowActivitySeqno>47</flowActivitySeqno>
		<parentFlowActivitySeqno>46</parentFlowActivitySeqno>
		<parentCondition>F</parentCondition>
		<boolOperator>OR</boolOperator>
	</Rule>
	<Rule>
		<!-- OR -->
		<ActivityId>51</ActivityId>
		<flowActivitySeqno>47</flowActivitySeqno>
		<parentFlowActivitySeqno>12</parentFlowActivitySeqno>
		<parentCondition>N</parentCondition>
		<boolOperator>OR</boolOperator>
	</Rule>
	<Rule>
		<!-- OR -->
		<ActivityId>51</ActivityId>
		<flowActivitySeqno>5</flowActivitySeqno>
		<parentFlowActivitySeqno>4</parentFlowActivitySeqno>
		<parentCondition>F</parentCondition>
		<boolOperator>OR</boolOperator>
	</Rule>
	<Rule>
		<!-- OR -->
		<ActivityId>51</ActivityId>
		<flowActivitySeqno>5</flowActivitySeqno>
		<parentFlowActivitySeqno>47</parentFlowActivitySeqno>
		<parentCondition>N</parentCondition>
		<boolOperator>OR</boolOperator>
	</Rule>
	<Rule>
		<!-- Is change order (927/25) -->
		<ActivityId>927</ActivityId>
		<flowActivitySeqno>13</flowActivitySeqno>
		<parentFlowActivitySeqno>5</parentFlowActivitySeqno>
		<parentCondition>N</parentCondition>
	</Rule>
	<Rule>
		<!-- Load and Provision LNP TN - 1S -->
		<ActivityId>913</ActivityId>
		<flowActivitySeqno>14</flowActivitySeqno>
		<parentFlowActivitySeqno>13</parentFlowActivitySeqno>
		<parentCondition>T</parentCondition>
	</Rule>
	<Rule>
		<!-- OR -->
		<ActivityId>51</ActivityId>
		<flowActivitySeqno>15</flowActivitySeqno>
		<parentFlowActivitySeqno>13</parentFlowActivitySeqno>
		<parentCondition>F</parentCondition>
		<boolOperator>OR</boolOperator>
	</Rule>
	<Rule>
		<!-- OR -->
		<ActivityId>51</ActivityId>
		<flowActivitySeqno>15</flowActivitySeqno>
		<parentFlowActivitySeqno>14</parentFlowActivitySeqno>
		<parentCondition>N</parentCondition>
		<boolOperator>OR</boolOperator>
	</Rule>
	<Rule>
		<!-- Update Voice Inventory - 1S -->
		<ActivityId>914</ActivityId>
		<flowActivitySeqno>16</flowActivitySeqno>
		<parentFlowActivitySeqno>15</parentFlowActivitySeqno>
		<parentCondition>N</parentCondition>
	</Rule>
	<Rule>
		<!-- Set Supp Allowed = 'NONE' -->
		<ActivityId>234</ActivityId>
		<flowActivitySeqno>17</flowActivitySeqno>
		<parentFlowActivitySeqno>16</parentFlowActivitySeqno>
		<parentCondition>N</parentCondition>
	</Rule>
	<Rule>
		<!-- Activate TN on EFS (NPAL) -->
		<ActivityId>915</ActivityId>
		<flowActivitySeqno>18</flowActivitySeqno>
		<parentFlowActivitySeqno>17</parentFlowActivitySeqno>
		<parentCondition>N</parentCondition>
	</Rule>
	<Rule>
		<!-- Is EFS Call Required (929/19) -->
		<ActivityId>929</ActivityId>
		<flowActivitySeqno>19</flowActivitySeqno>
		<parentFlowActivitySeqno>18</parentFlowActivitySeqno>
		<parentCondition>N</parentCondition>
	</Rule>
	<Rule>
		<!-- Trigger EFS for Account Codes (930/20) -->
		<ActivityId>930</ActivityId>
		<flowActivitySeqno>20</flowActivitySeqno>
		<parentFlowActivitySeqno>19</parentFlowActivitySeqno>
		<parentCondition>T</parentCondition>
	</Rule>
	<Rule>
		<!-- OR -->
		<ActivityId>51</ActivityId>
		<flowActivitySeqno>21</flowActivitySeqno>
		<parentFlowActivitySeqno>19</parentFlowActivitySeqno>
		<parentCondition>F</parentCondition>
		<boolOperator>OR</boolOperator>
	</Rule>
	<Rule>
		<!-- OR -->
		<ActivityId>51</ActivityId>
		<flowActivitySeqno>21</flowActivitySeqno>
		<parentFlowActivitySeqno>20</parentFlowActivitySeqno>
		<parentCondition>N</parentCondition>
		<boolOperator>OR</boolOperator>
	</Rule>
	<Rule>
		<!-- Is BAN Change required? -->
		<ActivityId>939</ActivityId>
		<flowActivitySeqno>22</flowActivitySeqno>
		<parentFlowActivitySeqno>21</parentFlowActivitySeqno>
		<parentCondition>N</parentCondition>
	</Rule>
	<Rule>
		<!-- Remove ANI from Medation for BAN Change -->
		<ActivityId>940</ActivityId>
		<flowActivitySeqno>23</flowActivitySeqno>
		<parentFlowActivitySeqno>22</parentFlowActivitySeqno>
		<parentCondition>T</parentCondition>
	</Rule>
	<Rule>
		<!-- OR -->
		<ActivityId>51</ActivityId>
		<flowActivitySeqno>24</flowActivitySeqno>
		<parentFlowActivitySeqno>22</parentFlowActivitySeqno>
		<parentCondition>F</parentCondition>
		<boolOperator>OR</boolOperator>
	</Rule>
	<Rule>
		<!-- OR -->
		<ActivityId>51</ActivityId>
		<flowActivitySeqno>24</flowActivitySeqno>
		<parentFlowActivitySeqno>23</parentFlowActivitySeqno>
		<parentCondition>N</parentCondition>
		<boolOperator>OR</boolOperator>
	</Rule>
	<Rule>
		<!-- Is change order (927/25) -->
		<ActivityId>941</ActivityId>
		<flowActivitySeqno>25</flowActivitySeqno>
		<parentFlowActivitySeqno>24</parentFlowActivitySeqno>
		<parentCondition>N</parentCondition>
	</Rule>
	<Rule>
		<!-- Trigger Mediation(919/27) -->
		<ActivityId>919</ActivityId>
		<flowActivitySeqno>26</flowActivitySeqno>
		<parentFlowActivitySeqno>25</parentFlowActivitySeqno>
		<parentCondition>T</parentCondition>
	</Rule>
	<Rule>
		<!-- OR -->
		<ActivityId>51</ActivityId>
		<flowActivitySeqno>27</flowActivitySeqno>
		<parentFlowActivitySeqno>25</parentFlowActivitySeqno>
		<parentCondition>F</parentCondition>
		<boolOperator>OR</boolOperator>
	</Rule>
	<Rule>
		<!-- OR -->
		<ActivityId>51</ActivityId>
		<flowActivitySeqno>27</flowActivitySeqno>
		<parentFlowActivitySeqno>26</parentFlowActivitySeqno>
		<parentCondition>N</parentCondition>
		<boolOperator>OR</boolOperator>
	</Rule>
	<Rule>
		<!-- Is change order (200/19) -->
		<ActivityId>926</ActivityId>
		<flowActivitySeqno>28</flowActivitySeqno>
		<parentFlowActivitySeqno>27</parentFlowActivitySeqno>
		<parentCondition>N</parentCondition>
	</Rule>
	<Rule>
		<!-- Set Order Status = Installed(200/19) -->
		<ActivityId>200</ActivityId>
		<flowActivitySeqno>30</flowActivitySeqno>
		<parentFlowActivitySeqno>28</parentFlowActivitySeqno>
		<parentCondition>F</parentCondition>
	</Rule>
	<Rule>
		<!-- Set TN Status to Assigned(299/21) -->
		<ActivityId>299</ActivityId>
		<flowActivitySeqno>31</flowActivitySeqno>
		<parentFlowActivitySeqno>30</parentFlowActivitySeqno>
		<parentCondition>N</parentCondition>
	</Rule>
	<Rule>
		<!-- OR -->
		<ActivityId>51</ActivityId>
		<flowActivitySeqno>33</flowActivitySeqno>
		<parentFlowActivitySeqno>28</parentFlowActivitySeqno>
		<parentCondition>T</parentCondition>
		<boolOperator>OR</boolOperator>
	</Rule>
	<Rule>
		<!-- OR -->
		<ActivityId>51</ActivityId>
		<flowActivitySeqno>33</flowActivitySeqno>
		<parentFlowActivitySeqno>31</parentFlowActivitySeqno>
		<parentCondition>N</parentCondition>
		<boolOperator>OR</boolOperator>
	</Rule>
	<Rule>
		<!-- Is Pic Provisioning Flow -->
		<ActivityId>917</ActivityId>
		<flowActivitySeqno>34</flowActivitySeqno>
		<parentFlowActivitySeqno>17</parentFlowActivitySeqno>
		<parentCondition>N</parentCondition>
	</Rule>
	<Rule>
		<!-- Send to LEC -->
		<ActivityId>916</ActivityId>
		<flowActivitySeqno>35</flowActivitySeqno>
		<parentFlowActivitySeqno>34</parentFlowActivitySeqno>
		<parentCondition>T</parentCondition>
	</Rule>
	<Rule>
		<!-- OR -->
		<ActivityId>51</ActivityId>
		<flowActivitySeqno>36</flowActivitySeqno>
		<parentFlowActivitySeqno>34</parentFlowActivitySeqno>
		<parentCondition>F</parentCondition>
		<boolOperator>OR</boolOperator>
	</Rule>
	<Rule>
		<!-- OR -->
		<ActivityId>51</ActivityId>
		<flowActivitySeqno>36</flowActivitySeqno>
		<parentFlowActivitySeqno>35</parentFlowActivitySeqno>
		<parentCondition>N</parentCondition>
		<boolOperator>OR</boolOperator>
	</Rule>
	<Rule>
		<!-- AND -->
		<ActivityId>50</ActivityId>
		<flowActivitySeqno>39</flowActivitySeqno>
		<parentFlowActivitySeqno>33</parentFlowActivitySeqno>
		<parentCondition>N</parentCondition>
		<boolOperator>AND</boolOperator>
	</Rule>
	<Rule>
		<!-- AND -->
		<ActivityId>50</ActivityId>
		<flowActivitySeqno>39</flowActivitySeqno>
		<parentFlowActivitySeqno>36</parentFlowActivitySeqno>
		<parentCondition>N</parentCondition>
		<boolOperator>AND</boolOperator>
	</Rule>
	<Rule>
		<!-- Order Status = Completed(202/22) -->
		<ActivityId>202</ActivityId>
		<flowActivitySeqno>42</flowActivitySeqno>
		<parentFlowActivitySeqno>39</parentFlowActivitySeqno>
		<parentCondition>N</parentCondition>
		<comments>Order Status = Completed</comments>
	</Rule>
	<Rule>
		<!-- Check and mark voice order Status = Completed(202/22) -->
		<ActivityId>918</ActivityId>
		<flowActivitySeqno>45</flowActivitySeqno>
		<parentFlowActivitySeqno>42</parentFlowActivitySeqno>
		<parentCondition>N</parentCondition>
	</Rule>
	<Rule>
		<!-- END -->
		<ActivityId>-1</ActivityId>
		<flowActivitySeqno>-1</flowActivitySeqno>
		<parentFlowActivitySeqno>45</parentFlowActivitySeqno>
		<parentCondition>N</parentCondition>
	</Rule>
</ActivityRules>
