{
	"info": {
		"_postman_id": "a1001962-c40f-4106-bfc5-7c4393001a96",
		"name": "AdminData",
		"description": "backend Url End points to give data for the page and Dropdowns",
		"schema": "https://schema.getpostman.com/json/collection/v2.1.0/collection.json"
	},
	"item": [
		{
			"name": "US316447",
			"event": [
				{
					"listen": "test",
					"script": {
						"id": "2a93ef7b-1517-4532-b6c4-68ed8100964a",
						"exec": [
							"pm.sendRequest(\"http://voicemsidc01-env1.idc1.level3.com:8255/tollfree-data/ServiceDelivery/v1/Admindata/productOffering/ITWILL\", function (err, response) {",
							"  if (err) { ",
							"      console.log(err);",
							"      }",
							"  pm.test('response should be okay to process', function () {",
							"    pm.response.to.have.status(200);",
							"  });",
							"  ",
							"  pm.test(\"DataCheck\", function () {",
							"    var jsonData = pm.response.json();",
							"    pm.expect(jsonData[0].productOfferingId).to.eql(17691);",
							"    pm.expect(jsonData[0].organizationId).to.eql(\"ITWILL  \");",
							"    pm.expect(jsonData[0].description).to.eql(\"Productoff_Mushahid                                         \");",
							"    pm.expect(jsonData[0].enableQuantity).to.eql(\"Y\");",
							"    pm.expect(jsonData[0].quantity).to.eql(\"10\");",
							"});",
							"   pm.test('Invalid Org Id should return Empty Json', function () {",
							"     var jsonData = pm.response.json();",
							"    pm.expect(jsonData===null);",
							"  });",
							"  ",
							"});"
						],
						"type": "text/javascript"
					}
				}
			],
			"request": {
				"method": "GET",
				"header": [],
				"body": {
					"mode": "raw",
					"raw": ""
				},
				"url": {
					"raw": "http://voicemsidc01-env1.idc1.level3.com:8255/tollfree-data/ServiceDelivery/v1/Admindata/productOffering/ITWILL",
					"protocol": "http",
					"host": [
						"voicemsidc01-env1",
						"idc1",
						"level3",
						"com"
					],
					"port": "8255",
					"path": [
						"tollfree-data",
						"ServiceDelivery",
						"v1",
						"Admindata",
						"productOffering",
						"ITWILL"
					]
				},
				"description": "there should be a success response from the webervice"
			},
			"response": []
		},
		{
			"name": "US316447 Invalid Data",
			"event": [
				{
					"listen": "test",
					"script": {
						"id": "2a93ef7b-1517-4532-b6c4-68ed8100964a",
						"exec": [
							"pm.sendRequest(\"http://voicemsidc01-env1.idc1.level3.com:8255/tollfree-data/ServiceDelivery/v1/Admindata/productOffering/\", function (err, response) {",
							" ",
							"  pm.test('Empty ProductOffering Id', function () {",
							"    pm.response.to.have.status(404);",
							"  });",
							"  ",
							"});"
						],
						"type": "text/javascript"
					}
				}
			],
			"request": {
				"method": "GET",
				"header": [],
				"body": {
					"mode": "raw",
					"raw": ""
				},
				"url": {
					"raw": "http://voicemsidc01-env1.idc1.level3.com:8255/tollfree-data/ServiceDelivery/v1/Admindata/productOffering/",
					"protocol": "http",
					"host": [
						"voicemsidc01-env1",
						"idc1",
						"level3",
						"com"
					],
					"port": "8255",
					"path": [
						"tollfree-data",
						"ServiceDelivery",
						"v1",
						"Admindata",
						"productOffering",
						""
					]
				},
				"description": "there should be a success response from the webervice"
			},
			"response": []
		},
		{
			"name": "US316447 Empty response",
			"event": [
				{
					"listen": "test",
					"script": {
						"id": "cbe9d09e-b47b-4abe-a327-45d6dabdf526",
						"exec": [
							"",
							"pm.sendRequest(\"http://voicemsidc01-env1.idc1.level3.com:8255/tollfree-data/ServiceDelivery/v1/Admindata/productOffering/ITWILL\", function (err, response) {",
							"  if (err) { ",
							"      console.log(err);",
							"      }",
							"      ",
							"pm.test('Invalid Org Id should return Empty Json', function () {",
							"     var jsonData = pm.response.json();",
							"    pm.expect(jsonData===null);",
							"  });",
							"});"
						],
						"type": "text/javascript"
					}
				}
			],
			"request": {
				"method": "GET",
				"header": [],
				"body": {
					"mode": "raw",
					"raw": ""
				},
				"url": {
					"raw": "http://voicemsidc01-env1.idc1.level3.com:8255/tollfree-data/ServiceDelivery/v1/Admindata/productOffering/",
					"protocol": "http",
					"host": [
						"voicemsidc01-env1",
						"idc1",
						"level3",
						"com"
					],
					"port": "8255",
					"path": [
						"tollfree-data",
						"ServiceDelivery",
						"v1",
						"Admindata",
						"productOffering",
						""
					]
				},
				"description": "for any Org id which is not present , return Json should be Empty"
			},
			"response": []
		},
		{
			"name": "US313451",
			"event": [
				{
					"listen": "test",
					"script": {
						"id": "37b84299-5a1e-4cca-969e-e614ff44c42f",
						"exec": [
							"pm.sendRequest(\"http://voicemsidc01-env1.idc1.level3.com:8255/tollfree-data/ServiceDelivery/v1/Admindata/getAllProducts\", function (err, response) {",
							"  if (err) { ",
							"      console.log(err);",
							"      }",
							"  pm.test('response should be okay to process', function () {",
							"    pm.response.to.have.status(200);",
							"  });",
							"  ",
							"   pm.test(\"DataCheck\", function () {",
							"    var jsonData = pm.response.json();",
							"    pm.expect(jsonData[0].productId).to.eql(\"D0DNISI \");",
							"    pm.expect(jsonData[0].productType).to.eql(\"SF\");",
							"    pm.expect(jsonData[0].detailType).to.eql(\"8D\");",
							"    pm.expect(jsonData[0].description).to.eql(\"DNIS - International                              \");",
							"    pm.expect(jsonData[0].provPlanType).to.eql(\"F0DN\");",
							"});",
							"});"
						],
						"type": "text/javascript"
					}
				}
			],
			"request": {
				"method": "GET",
				"header": [],
				"body": {
					"mode": "raw",
					"raw": ""
				},
				"url": {
					"raw": "http://voicemsidc01-env1.idc1.level3.com:8255/tollfree-data/ServiceDelivery/v1/Admindata/getAllProducts",
					"protocol": "http",
					"host": [
						"voicemsidc01-env1",
						"idc1",
						"level3",
						"com"
					],
					"port": "8255",
					"path": [
						"tollfree-data",
						"ServiceDelivery",
						"v1",
						"Admindata",
						"getAllProducts"
					]
				},
				"description": "To check response and Data For Prodcut Details"
			},
			"response": []
		},
		{
			"name": "US313451 with Parameter",
			"event": [
				{
					"listen": "test",
					"script": {
						"id": "894e0589-b1bb-4eaa-a638-02bb746dd120",
						"exec": [
							"pm.sendRequest(\"http://voicemsidc01-env1.idc1.level3.com:8255/tollfree-data/ServiceDelivery/v1/Admindata/getAllProducts\", function (err, response) {",
							"  if (err) { ",
							"      console.log(err);",
							"      }",
							"  pm.test('response should be okay to process', function () {",
							"    pm.response.to.have.status(200);",
							"  });",
							"});"
						],
						"type": "text/javascript"
					}
				}
			],
			"request": {
				"method": "GET",
				"header": [],
				"body": {
					"mode": "raw",
					"raw": ""
				},
				"url": {
					"raw": "http://voicemsidc01-env1.idc1.level3.com:8255/tollfree-data/ServiceDelivery/v1/Admindata/getAllProducts",
					"protocol": "http",
					"host": [
						"voicemsidc01-env1",
						"idc1",
						"level3",
						"com"
					],
					"port": "8255",
					"path": [
						"tollfree-data",
						"ServiceDelivery",
						"v1",
						"Admindata",
						"getAllProducts"
					]
				},
				"description": "should not respond normally as the service doesnot Require any parameter"
			},
			"response": []
		}
	]
}