<?xml version="1.0" encoding="UTF-8"?>
<definitions xmlns="http://www.omg.org/spec/BPMN/20100524/MODEL" xmlns:xsi="http://www.w3.org/2001/XMLSchema-instance" xmlns:xsd="http://www.w3.org/2001/XMLSchema" xmlns:activiti="http://activiti.org/bpmn" xmlns:bpmndi="http://www.omg.org/spec/BPMN/20100524/DI" xmlns:omgdc="http://www.omg.org/spec/DD/20100524/DC" xmlns:omgdi="http://www.omg.org/spec/DD/20100524/DI" typeLanguage="http://www.w3.org/2001/XMLSchema" expressionLanguage="http://www.w3.org/1999/XPath" targetNamespace="http://www.activiti.org/processdef">
  <signal id="WF_914_16_Activity_Complete" name="WF_914_16_Activity_Complete" activiti:scope="global"></signal>
  <signal id="WF_916_35_Activity_Complete" name="WF_916_35_Activity_Complete" activiti:scope="global"></signal>
  <signal id="WF_915_18_Activity_Complete" name="WF_915_18_Activity_Complete" activiti:scope="global"></signal>
  <signal id="WF_914_16_Trigger" name="WF_914_16_Trigger" activiti:scope="global"></signal>
  <signal id="WF_915_18_Trigger" name="WF_915_18_Trigger" activiti:scope="global"></signal>
  <signal id="WF_921_9_Trigger" name="WF_921_9_Trigger" activiti:scope="global"></signal>
  <signal id="WF_920_6_Trigger" name="WF_920_6_Trigger" activiti:scope="global"></signal>
  <signal id="WF_923_9_Trigger" name="WF_923_9_Trigger" activiti:scope="global"></signal>
  <signal id="WF_924_10_Trigger" name="WF_924_10_Trigger" activiti:scope="global"></signal>
  <signal id="WF_921_9_Activity_Complete" name="WF_921_9_Activity_Complete" activiti:scope="global"></signal>
  <signal id="WF_920_6_Activity_Complete" name="WF_920_6_Activity_Complete" activiti:scope="global"></signal>
  <signal id="WF_923_9_Activity_Complete" name="WF_923_9_Activity_Complete" activiti:scope="global"></signal>
  <signal id="WF_924_10_Activity_Complete" name="WF_924_10_Activity_Complete" activiti:scope="global"></signal>
  <signal id="WF_933_6_Activity_Complete" name="WF_933_6_Activity_Complete" activiti:scope="global"></signal>
  <signal id="WF_933_6_Trigger" name="WF_933_6_Trigger" activiti:scope="global"></signal>
  <signal id="WF_936_8_Activity_Complete" name="WF_936_8_Activity_Complete" activiti:scope="global"></signal>
  <signal id="WF_936_8_Trigger" name="WF_936_8_Trigger" activiti:scope="global"></signal>
  <process id="PIC_LD_PON_FLOW" name="PIC_LD_PON_FLOW" isExecutable="true">
    <startEvent id="startEvent1"></startEvent>
    <serviceTask id="PIC_LD_PON_Flow" name="PIC LD PON Flow" activiti:async="true" activiti:delegateExpression="${dummyActivity}"></serviceTask>
    <sequenceFlow id="sid-6E4BF274-5637-43A7-8A1D-FC951C6634EE" sourceRef="startEvent1" targetRef="PIC_LD_PON_Flow"></sequenceFlow>
    <parallelGateway id="sid-734DD70E-E489-4969-85DF-A3F926C2044A"></parallelGateway>
    <sequenceFlow id="sid-E88B8271-6F88-45D5-A868-6B5A0C75C19E" sourceRef="PIC_LD_PON_Flow" targetRef="sid-734DD70E-E489-4969-85DF-A3F926C2044A"></sequenceFlow>
    <serviceTask id="WF_20000_914_16_Update_Inventory_Request_Check" name="Update Voice Inventory Request Check" activiti:async="true" activiti:delegateExpression="${parentTransCoordCheckActivity}"></serviceTask>
    <intermediateCatchEvent id="WF_0_914_16_Signal">
      <signalEventDefinition signalRef="WF_914_16_Trigger"></signalEventDefinition>
    </intermediateCatchEvent>
    <intermediateCatchEvent id="sid-5C2A52E6-6944-43F6-BD4B-E796D1BAD94B">
      <timerEventDefinition>
        <timeDuration>PT1M</timeDuration>
      </timerEventDefinition>
    </intermediateCatchEvent>
    <sequenceFlow id="sid-7DC50723-B230-47B1-A53E-F0C592595185" sourceRef="sid-734DD70E-E489-4969-85DF-A3F926C2044A" targetRef="WF_0_914_16_Signal"></sequenceFlow>
    <exclusiveGateway id="sid-F11E755D-690F-4178-BFAB-3AE26E641B9A"></exclusiveGateway>
    <sequenceFlow id="sid-977DAB53-5973-48BE-8F60-8E7B53A56B7B" sourceRef="WF_20000_914_16_Update_Inventory_Request_Check" targetRef="sid-F11E755D-690F-4178-BFAB-3AE26E641B9A"></sequenceFlow>
    <serviceTask id="WF_20000_914_16_Update_Inventory_Activity" name="Update Voice Inventory 1s" activiti:async="true" activiti:delegateExpression="${updateVoiceInventoryActivity}"></serviceTask>
    <serviceTask id="WF_20000_916_35_Send_LEC_Request_Check" name="Send to LEC Request Check" activiti:async="true" activiti:delegateExpression="${parentTransCoordCheckActivity}"></serviceTask>
    <intermediateCatchEvent id="WF_0_916_35_Signal">
      <signalEventDefinition signalRef="WF_916_35_Activity_Complete"></signalEventDefinition>
    </intermediateCatchEvent>
    <intermediateCatchEvent id="sid-603970B2-C42B-492B-924D-F0A3731F4473">
      <timerEventDefinition>
        <timeDuration>PT1M</timeDuration>
      </timerEventDefinition>
    </intermediateCatchEvent>
    <sequenceFlow id="sid-0A24CE26-13B7-4F99-952C-D95B2E2E57BC" sourceRef="WF_0_916_35_Signal" targetRef="WF_20000_916_35_Send_LEC_Request_Check"></sequenceFlow>
    <exclusiveGateway id="sid-3869B934-D4F1-486F-8598-B79DA0355849"></exclusiveGateway>
    <serviceTask id="WF_20000_916_35_Send_LEC_Request_Activity" name="Send to LEC Activity" activiti:async="true" activiti:delegateExpression="${sendToLECActivity}"></serviceTask>
    <sequenceFlow id="sid-0BBD345B-258F-4E85-B83F-616176F404F5" sourceRef="sid-603970B2-C42B-492B-924D-F0A3731F4473" targetRef="WF_20000_916_35_Send_LEC_Request_Check"></sequenceFlow>
    <serviceTask id="WF_20000_915_18_Activate_TN_Request_Check" name="Activate TN Request Check" activiti:async="true" activiti:delegateExpression="${parentTransCoordCheckActivity}"></serviceTask>
    <intermediateCatchEvent id="WF_0_915_18_Signal">
      <signalEventDefinition signalRef="WF_915_18_Trigger"></signalEventDefinition>
    </intermediateCatchEvent>
    <intermediateCatchEvent id="sid-202651A0-BD42-4828-9351-C61BD9B67663">
      <timerEventDefinition>
        <timeDuration>PT1M</timeDuration>
      </timerEventDefinition>
    </intermediateCatchEvent>
    <exclusiveGateway id="sid-46C5892F-AD7E-46BC-BF05-E898B0DDBA05"></exclusiveGateway>
    <serviceTask id="WF_20000_915_18_Activate_TN_Activity" name="Activate TN Activity" activiti:async="true" activiti:delegateExpression="${activateTNonEFSActivity}"></serviceTask>
    <sequenceFlow id="sid-A46CB131-1EB7-46B1-929B-3D26614D58AA" sourceRef="sid-734DD70E-E489-4969-85DF-A3F926C2044A" targetRef="WF_0_916_35_Signal"></sequenceFlow>
    <sequenceFlow id="sid-DD551D72-0B22-444F-8305-9D178B4A5A81" sourceRef="sid-3869B934-D4F1-486F-8598-B79DA0355849" targetRef="sid-603970B2-C42B-492B-924D-F0A3731F4473">
      <conditionExpression xsi:type="tFormalExpression"><![CDATA[${WF_20000_916_35_Send_LEC_Request_Check.equals("FALSE")}]]></conditionExpression>
    </sequenceFlow>
    <sequenceFlow id="sid-0A260AEF-2C92-404D-9B85-0C459AF69FC7" sourceRef="sid-3869B934-D4F1-486F-8598-B79DA0355849" targetRef="WF_20000_916_35_Send_LEC_Request_Activity">
      <conditionExpression xsi:type="tFormalExpression"><![CDATA[${WF_20000_916_35_Send_LEC_Request_Check.equals("TRUE")}]]></conditionExpression>
    </sequenceFlow>
    <endEvent id="sid-67B43650-D314-4821-AD9B-663188C4E640"></endEvent>
    <sequenceFlow id="sid-A8FEDF31-9582-4470-8E0D-1C1AC14D1341" sourceRef="WF_20000_916_35_Send_LEC_Request_Activity" targetRef="sid-67B43650-D314-4821-AD9B-663188C4E640"></sequenceFlow>
    <endEvent id="sid-F602BE88-AB4E-47F6-AD73-075A9BBD1768"></endEvent>
    <sequenceFlow id="sid-61C8D134-D668-49C0-8F3E-F08FA0D58532" sourceRef="WF_20000_914_16_Update_Inventory_Activity" targetRef="sid-F602BE88-AB4E-47F6-AD73-075A9BBD1768"></sequenceFlow>
    <endEvent id="sid-337DB3D9-2F61-4F7D-81D0-3C16FF19C010"></endEvent>
    <sequenceFlow id="sid-8D26678C-2B81-4C43-9019-742F4A13F524" sourceRef="sid-3869B934-D4F1-486F-8598-B79DA0355849" targetRef="WF_0_916_35_Signal">
      <conditionExpression xsi:type="tFormalExpression"><![CDATA[${WF_20000_916_35_Send_LEC_Request_Check.equals("WAIT_SIGNAL")}]]></conditionExpression>
    </sequenceFlow>
    <serviceTask id="WF_20001_921_9_Activate_TN_Request_Check" name="Update Order NPAL Features Request Check" activiti:async="true" activiti:delegateExpression="${parentTransCoordCheckActivity}"></serviceTask>
    <intermediateCatchEvent id="sid-DB6E1A16-2CA5-4012-9386-DC3839C1E356">
      <timerEventDefinition>
        <timeDuration>PT1M</timeDuration>
      </timerEventDefinition>
    </intermediateCatchEvent>
    <exclusiveGateway id="sid-D8967C60-EFFF-4D40-86E2-4BE3EB6D27D1"></exclusiveGateway>
    <serviceTask id="WF_20001_921_9_Activate_TN_Activity" name="Update Order NPAL Features 1s" activiti:async="true" activiti:delegateExpression="${activateTNonEFSActivity}"></serviceTask>
    <sequenceFlow id="sid-83EFFB3F-9D90-40DB-B1D2-032BC0B221F1" sourceRef="sid-DB6E1A16-2CA5-4012-9386-DC3839C1E356" targetRef="WF_20001_921_9_Activate_TN_Request_Check"></sequenceFlow>
    <endEvent id="sid-8ECDB762-9A1E-4B1A-A84D-C287D627D46B"></endEvent>
    <sequenceFlow id="sid-2FAF71B2-4DC6-4FB9-A29D-EF6427DBCBA0" sourceRef="WF_20001_921_9_Activate_TN_Activity" targetRef="sid-8ECDB762-9A1E-4B1A-A84D-C287D627D46B"></sequenceFlow>
    <intermediateCatchEvent id="WF_0_921_9_Signal">
      <signalEventDefinition signalRef="WF_921_9_Trigger"></signalEventDefinition>
    </intermediateCatchEvent>
    <serviceTask id="WF_20001_920_6_Update_Inventory_Request_Check" name="Update Order PRO Features Request Check" activiti:async="true" activiti:delegateExpression="${parentTransCoordCheckActivity}"></serviceTask>
    <intermediateCatchEvent id="sid-3A9DEBC2-366D-495C-BBD7-20761356395F">
      <timerEventDefinition>
        <timeDuration>PT1M</timeDuration>
      </timerEventDefinition>
    </intermediateCatchEvent>
    <exclusiveGateway id="sid-73FCCEDF-75D7-41C5-B388-1A350831CDC0"></exclusiveGateway>
    <serviceTask id="WF_20001_920_6_Update_Inventory_Activity" name="Update Order PRO Features 1s" activiti:async="true" activiti:delegateExpression="${updateVoiceInventoryActivity}"></serviceTask>
    <sequenceFlow id="sid-DE27CF85-4D16-47CC-AD5C-9A68F85B5D59" sourceRef="sid-3A9DEBC2-366D-495C-BBD7-20761356395F" targetRef="WF_20001_920_6_Update_Inventory_Request_Check"></sequenceFlow>
    <endEvent id="sid-6D5DB9B4-4702-49A8-B9C3-553411A55650"></endEvent>
    <intermediateCatchEvent id="WF_0_920_6_Signal">
      <signalEventDefinition signalRef="WF_920_6_Trigger"></signalEventDefinition>
    </intermediateCatchEvent>
    <sequenceFlow id="sid-0843536A-ADC6-4A84-A6B9-CFACB2CF1B75" sourceRef="sid-734DD70E-E489-4969-85DF-A3F926C2044A" targetRef="WF_0_921_9_Signal"></sequenceFlow>
    <sequenceFlow id="sid-142877A2-0059-4DAE-A861-077EFEBF7E8B" sourceRef="WF_0_914_16_Signal" targetRef="WF_20000_914_16_Update_Inventory_Request_Check"></sequenceFlow>
    <sequenceFlow id="sid-59A57127-1C98-492F-9639-82584A6E6696" sourceRef="sid-5C2A52E6-6944-43F6-BD4B-E796D1BAD94B" targetRef="WF_20000_914_16_Update_Inventory_Request_Check"></sequenceFlow>
    <sequenceFlow id="sid-E26E3645-30D6-4365-8340-B24828F36D00" sourceRef="sid-F11E755D-690F-4178-BFAB-3AE26E641B9A" targetRef="sid-5C2A52E6-6944-43F6-BD4B-E796D1BAD94B">
      <conditionExpression xsi:type="tFormalExpression"><![CDATA[${WF_20000_914_16_Update_Inventory_Request_Check.equals("FALSE")}]]></conditionExpression>
    </sequenceFlow>
    <sequenceFlow id="sid-36687923-2868-42AA-A5BD-A1FF6C317E03" sourceRef="sid-F11E755D-690F-4178-BFAB-3AE26E641B9A" targetRef="WF_20000_914_16_Update_Inventory_Activity">
      <conditionExpression xsi:type="tFormalExpression"><![CDATA[${WF_20000_914_16_Update_Inventory_Request_Check.equals("TRUE")}]]></conditionExpression>
    </sequenceFlow>
    <sequenceFlow id="sid-FB59B639-E05C-4978-A306-F3DEDC319241" sourceRef="sid-F11E755D-690F-4178-BFAB-3AE26E641B9A" targetRef="WF_0_914_16_Signal">
      <conditionExpression xsi:type="tFormalExpression"><![CDATA[${WF_20000_914_16_Update_Inventory_Request_Check.equals("WAIT_SIGNAL")}]]></conditionExpression>
    </sequenceFlow>
    <sequenceFlow id="sid-7CD1C0BA-600C-48E1-8A68-2F4C93FE5F76" sourceRef="sid-D8967C60-EFFF-4D40-86E2-4BE3EB6D27D1" targetRef="sid-DB6E1A16-2CA5-4012-9386-DC3839C1E356">
      <conditionExpression xsi:type="tFormalExpression"><![CDATA[${WF_20001_921_9_Activate_TN_Request_Check.equals("FALSE")}]]></conditionExpression>
    </sequenceFlow>
    <sequenceFlow id="sid-A18BA4BF-C989-48B7-BE98-BA09EC9F3B96" sourceRef="sid-734DD70E-E489-4969-85DF-A3F926C2044A" targetRef="WF_0_920_6_Signal"></sequenceFlow>
    <sequenceFlow id="sid-E17F4FA1-07FE-47F8-B099-1508252A1AD3" sourceRef="WF_0_920_6_Signal" targetRef="WF_20001_920_6_Update_Inventory_Request_Check"></sequenceFlow>
    <sequenceFlow id="sid-400B3577-8326-4F64-825E-05374B21569D" sourceRef="WF_20001_920_6_Update_Inventory_Request_Check" targetRef="sid-73FCCEDF-75D7-41C5-B388-1A350831CDC0"></sequenceFlow>
    <sequenceFlow id="sid-81E94528-F810-402F-9D44-B581F5FF3788" sourceRef="sid-73FCCEDF-75D7-41C5-B388-1A350831CDC0" targetRef="sid-3A9DEBC2-366D-495C-BBD7-20761356395F">
      <conditionExpression xsi:type="tFormalExpression"><![CDATA[${WF_20001_920_6_Update_Inventory_Request_Check.equals("FALSE")}]]></conditionExpression>
    </sequenceFlow>
    <sequenceFlow id="sid-B771C26F-A52F-419A-B67A-FC318E2AC073" sourceRef="sid-73FCCEDF-75D7-41C5-B388-1A350831CDC0" targetRef="WF_20001_920_6_Update_Inventory_Activity">
      <conditionExpression xsi:type="tFormalExpression"><![CDATA[${WF_20001_920_6_Update_Inventory_Request_Check.equals("TRUE")}]]></conditionExpression>
    </sequenceFlow>
    <sequenceFlow id="sid-9FCCC255-19D3-4DB0-807D-5F66FA532870" sourceRef="WF_20001_920_6_Update_Inventory_Activity" targetRef="sid-6D5DB9B4-4702-49A8-B9C3-553411A55650"></sequenceFlow>
    <sequenceFlow id="sid-E15505EC-53E2-4B99-982B-E61520048D55" sourceRef="WF_0_921_9_Signal" targetRef="WF_20001_921_9_Activate_TN_Request_Check"></sequenceFlow>
    <sequenceFlow id="sid-FF2CFA26-CFEA-45C0-B77B-D95667A118CF" sourceRef="WF_20001_921_9_Activate_TN_Request_Check" targetRef="sid-D8967C60-EFFF-4D40-86E2-4BE3EB6D27D1"></sequenceFlow>
    <sequenceFlow id="sid-B87A2B5F-7207-47E2-85F5-5392B4BD9D73" sourceRef="sid-D8967C60-EFFF-4D40-86E2-4BE3EB6D27D1" targetRef="WF_0_921_9_Signal">
      <conditionExpression xsi:type="tFormalExpression"><![CDATA[${WF_20001_921_9_Activate_TN_Request_Check.equals("WAIT_SIGNAL")}]]></conditionExpression>
    </sequenceFlow>
    <sequenceFlow id="sid-F4C32ED4-AA6D-45DE-A7DE-797540F39C70" sourceRef="sid-D8967C60-EFFF-4D40-86E2-4BE3EB6D27D1" targetRef="WF_20001_921_9_Activate_TN_Activity">
      <conditionExpression xsi:type="tFormalExpression"><![CDATA[${WF_20001_921_9_Activate_TN_Request_Check.equals("TRUE")}]]></conditionExpression>
    </sequenceFlow>
    <serviceTask id="WF_20002_924_10_Activate_TN_Request_Check" name="Deactivate ANI Request Check" activiti:async="true" activiti:delegateExpression="${parentTransCoordCheckActivity}"></serviceTask>
    <intermediateCatchEvent id="sid-A709771B-2FF2-4006-889C-B0C70CA9AC95">
      <timerEventDefinition>
        <timeDuration>PT1M</timeDuration>
      </timerEventDefinition>
    </intermediateCatchEvent>
    <exclusiveGateway id="sid-D5389C8D-0DA8-4340-8170-B354DCDB9A32"></exclusiveGateway>
    <serviceTask id="WF_20002_924_10_Activate_TN_Activity" name="Deactivate ANI 1s" activiti:async="true" activiti:delegateExpression="${activateTNonEFSActivity}"></serviceTask>
    <sequenceFlow id="sid-8F5C2B7C-858A-44EA-97A2-664B022F7581" sourceRef="sid-A709771B-2FF2-4006-889C-B0C70CA9AC95" targetRef="WF_20002_924_10_Activate_TN_Request_Check"></sequenceFlow>
    <endEvent id="sid-A08FDAE6-839F-4441-BCDE-93A7F5932D41"></endEvent>
    <sequenceFlow id="sid-541AE07E-FF9E-481B-B392-908B47CCA012" sourceRef="WF_20002_924_10_Activate_TN_Activity" targetRef="sid-A08FDAE6-839F-4441-BCDE-93A7F5932D41"></sequenceFlow>
    <intermediateCatchEvent id="WF_0_924_10_Signal">
      <signalEventDefinition signalRef="WF_924_10_Trigger"></signalEventDefinition>
    </intermediateCatchEvent>
    <serviceTask id="WF_20002_923_9_Update_Inventory_Request_Check" name="Remove ANI From Inv Request Check" activiti:async="true" activiti:delegateExpression="${parentTransCoordCheckActivity}"></serviceTask>
    <intermediateCatchEvent id="sid-943D5FAC-73AB-47CD-8AC5-7ED2643417BF">
      <timerEventDefinition>
        <timeDuration>PT1M</timeDuration>
      </timerEventDefinition>
    </intermediateCatchEvent>
    <exclusiveGateway id="sid-E0FFF762-7D22-4407-9DAE-986CC9060784"></exclusiveGateway>
    <serviceTask id="WF_20002_923_9_Update_Inventory_Activity" name="Remove ANI From Inv 1s" activiti:async="true" activiti:delegateExpression="${updateVoiceInventoryActivity}"></serviceTask>
    <sequenceFlow id="sid-DBEB3F1A-C946-4353-94ED-C86EDE475194" sourceRef="sid-943D5FAC-73AB-47CD-8AC5-7ED2643417BF" targetRef="WF_20002_923_9_Update_Inventory_Request_Check"></sequenceFlow>
    <endEvent id="sid-C21B1F67-C9AC-4F1C-98CF-AF63DC425B66"></endEvent>
    <intermediateCatchEvent id="WF_0_923_9_Signal">
      <signalEventDefinition signalRef="WF_923_9_Trigger"></signalEventDefinition>
    </intermediateCatchEvent>
    <sequenceFlow id="sid-BEE5FAD0-FE22-4800-8915-0F7DE949EC8B" sourceRef="WF_20002_923_9_Update_Inventory_Activity" targetRef="sid-C21B1F67-C9AC-4F1C-98CF-AF63DC425B66"></sequenceFlow>
    <sequenceFlow id="sid-16CC2B8F-E980-49AF-9F83-9CA60866D56C" sourceRef="WF_0_924_10_Signal" targetRef="WF_20002_924_10_Activate_TN_Request_Check"></sequenceFlow>
    <sequenceFlow id="sid-1A45CF79-44F7-4DEE-81DF-260387058238" sourceRef="WF_20002_924_10_Activate_TN_Request_Check" targetRef="sid-D5389C8D-0DA8-4340-8170-B354DCDB9A32"></sequenceFlow>
    <sequenceFlow id="sid-7C9385B5-29A6-4D34-833C-12ACF1B0E709" sourceRef="sid-734DD70E-E489-4969-85DF-A3F926C2044A" targetRef="WF_0_923_9_Signal"></sequenceFlow>
    <sequenceFlow id="sid-A7EFD9D3-AF04-408B-9334-EFFC57D3D732" sourceRef="sid-734DD70E-E489-4969-85DF-A3F926C2044A" targetRef="WF_0_924_10_Signal"></sequenceFlow>
    <sequenceFlow id="sid-AF5D5A46-0DEE-4678-85C4-C5A6CDEBC478" sourceRef="sid-73FCCEDF-75D7-41C5-B388-1A350831CDC0" targetRef="WF_0_920_6_Signal">
      <conditionExpression xsi:type="tFormalExpression"><![CDATA[${WF_20001_920_6_Update_Inventory_Request_Check.equals("WAIT_SIGNAL")}]]></conditionExpression>
    </sequenceFlow>
    <sequenceFlow id="sid-29EA5B15-24DA-496F-A65A-5F980F9151CF" sourceRef="WF_0_923_9_Signal" targetRef="WF_20002_923_9_Update_Inventory_Request_Check"></sequenceFlow>
    <sequenceFlow id="sid-28A539EF-7FE6-4F19-812F-54E519BB1FBB" sourceRef="WF_20002_923_9_Update_Inventory_Request_Check" targetRef="sid-E0FFF762-7D22-4407-9DAE-986CC9060784"></sequenceFlow>
    <sequenceFlow id="sid-E842E2FB-2991-4162-BAEB-E1D8B047038A" sourceRef="sid-E0FFF762-7D22-4407-9DAE-986CC9060784" targetRef="WF_0_923_9_Signal">
      <conditionExpression xsi:type="tFormalExpression"><![CDATA[${WF_20002_923_9_Update_Inventory_Request_Check.equals("WAIT_SIGNAL")}]]></conditionExpression>
    </sequenceFlow>
    <sequenceFlow id="sid-68B917B3-3D0F-4BD5-917D-CEF9FAF2CE9F" sourceRef="sid-E0FFF762-7D22-4407-9DAE-986CC9060784" targetRef="sid-943D5FAC-73AB-47CD-8AC5-7ED2643417BF">
      <conditionExpression xsi:type="tFormalExpression"><![CDATA[${WF_20002_923_9_Update_Inventory_Request_Check.equals("FALSE")}]]></conditionExpression>
    </sequenceFlow>
    <sequenceFlow id="sid-D44A572C-DF39-436B-91C4-101E079A86F7" sourceRef="sid-E0FFF762-7D22-4407-9DAE-986CC9060784" targetRef="WF_20002_923_9_Update_Inventory_Activity">
      <conditionExpression xsi:type="tFormalExpression"><![CDATA[${WF_20002_923_9_Update_Inventory_Request_Check.equals("TRUE")}]]></conditionExpression>
    </sequenceFlow>
    <sequenceFlow id="sid-6AEAD358-93CB-400B-8FEF-A7F05C999C94" sourceRef="sid-D5389C8D-0DA8-4340-8170-B354DCDB9A32" targetRef="WF_0_924_10_Signal">
      <conditionExpression xsi:type="tFormalExpression"><![CDATA[${WF_20002_924_10_Activate_TN_Request_Check.equals("WAIT_SIGNAL")}]]></conditionExpression>
    </sequenceFlow>
    <sequenceFlow id="sid-F9170FB4-9732-412E-8C5E-98083F5568FC" sourceRef="sid-D5389C8D-0DA8-4340-8170-B354DCDB9A32" targetRef="sid-A709771B-2FF2-4006-889C-B0C70CA9AC95">
      <conditionExpression xsi:type="tFormalExpression"><![CDATA[${WF_20002_924_10_Activate_TN_Request_Check.equals("FALSE")}]]></conditionExpression>
    </sequenceFlow>
    <sequenceFlow id="sid-7071F086-16F1-4CCB-A3CA-F041F285AD8F" sourceRef="sid-D5389C8D-0DA8-4340-8170-B354DCDB9A32" targetRef="WF_20002_924_10_Activate_TN_Activity">
      <conditionExpression xsi:type="tFormalExpression"><![CDATA[${WF_20002_924_10_Activate_TN_Request_Check.equals("TRUE")}]]></conditionExpression>
    </sequenceFlow>
    <serviceTask id="WF_20000_933_6_Cust_Move_Create_Disco_Ord_Check" name="Cust Move - Create Disconnect Orders Check" activiti:async="true" activiti:delegateExpression="${parentTransCoordCheckActivity}"></serviceTask>
    <intermediateCatchEvent id="WF_0_933_6_Signal">
      <signalEventDefinition signalRef="WF_933_6_Trigger"></signalEventDefinition>
    </intermediateCatchEvent>
    <intermediateCatchEvent id="sid-966E8018-10F9-43CB-AE39-769711488CC2">
      <timerEventDefinition>
        <timeDuration>PT1M</timeDuration>
      </timerEventDefinition>
    </intermediateCatchEvent>
    <exclusiveGateway id="sid-BF6063B5-2545-4AD8-A32C-BF1A7AE9B828"></exclusiveGateway>
    <serviceTask id="WF_20000_933_6_Cust_Move_Create_Disco_Ord_Activity" name="Cust Move - Create Disconnect Orders" activiti:async="true" activiti:delegateExpression="${createDisconnectOrderActivity}"></serviceTask>
    <endEvent id="sid-EDC7BEFD-2183-41D6-B0B9-C88C6B24F69F"></endEvent>
    <sequenceFlow id="sid-6AAF0857-304E-4ECB-B6E9-FFF2801EB0FD" sourceRef="WF_0_915_18_Signal" targetRef="WF_20000_915_18_Activate_TN_Request_Check"></sequenceFlow>
    <sequenceFlow id="sid-CF48EC4F-E777-4D3E-987C-0370CBF97E79" sourceRef="WF_20000_933_6_Cust_Move_Create_Disco_Ord_Check" targetRef="sid-BF6063B5-2545-4AD8-A32C-BF1A7AE9B828"></sequenceFlow>
    <sequenceFlow id="sid-C34BE596-C320-40E7-A4E9-44F1E9CDB3E4" sourceRef="WF_20000_916_35_Send_LEC_Request_Check" targetRef="sid-3869B934-D4F1-486F-8598-B79DA0355849"></sequenceFlow>
    <sequenceFlow id="sid-B5828A84-D1BA-4557-B6B2-622134AAF150" sourceRef="sid-966E8018-10F9-43CB-AE39-769711488CC2" targetRef="WF_20000_933_6_Cust_Move_Create_Disco_Ord_Check"></sequenceFlow>
    <sequenceFlow id="sid-B77CBFC5-F846-4B43-84D0-BD25CEB66118" sourceRef="sid-202651A0-BD42-4828-9351-C61BD9B67663" targetRef="WF_20000_915_18_Activate_TN_Request_Check"></sequenceFlow>
    <sequenceFlow id="sid-48035007-FB16-4245-A6C0-7B5E64160BB8" sourceRef="WF_20000_915_18_Activate_TN_Request_Check" targetRef="sid-46C5892F-AD7E-46BC-BF05-E898B0DDBA05"></sequenceFlow>
    <sequenceFlow id="sid-946F9BE1-399B-4E54-B1F3-3CD7BAAF0DD0" sourceRef="sid-46C5892F-AD7E-46BC-BF05-E898B0DDBA05" targetRef="sid-202651A0-BD42-4828-9351-C61BD9B67663">
      <conditionExpression xsi:type="tFormalExpression"><![CDATA[${WF_20000_915_18_Activate_TN_Request_Check.equals("FALSE")}]]></conditionExpression>
    </sequenceFlow>
    <sequenceFlow id="sid-E10B8ABB-7B03-47F1-830D-EE2B05D6071F" sourceRef="sid-46C5892F-AD7E-46BC-BF05-E898B0DDBA05" targetRef="WF_20000_915_18_Activate_TN_Activity">
      <conditionExpression xsi:type="tFormalExpression"><![CDATA[${WF_20000_915_18_Activate_TN_Request_Check.equals("TRUE")}]]></conditionExpression>
    </sequenceFlow>
    <sequenceFlow id="sid-F1A487B3-8C97-444B-8454-58CA03A7B533" sourceRef="sid-46C5892F-AD7E-46BC-BF05-E898B0DDBA05" targetRef="WF_0_915_18_Signal">
      <conditionExpression xsi:type="tFormalExpression"><![CDATA[${WF_20000_915_18_Activate_TN_Request_Check.equals("WAIT_SIGNAL")}]]></conditionExpression>
    </sequenceFlow>
    <sequenceFlow id="sid-0DB1D337-34FB-4CAB-846F-68389EBCA50D" sourceRef="WF_20000_915_18_Activate_TN_Activity" targetRef="sid-337DB3D9-2F61-4F7D-81D0-3C16FF19C010"></sequenceFlow>
    <sequenceFlow id="sid-B71E236F-1D55-436F-8842-D508F9BC0887" sourceRef="sid-734DD70E-E489-4969-85DF-A3F926C2044A" targetRef="WF_0_915_18_Signal"></sequenceFlow>
    <serviceTask id="WF_20000_936_8_Cust_Move_Remove_ANI_PRO_Check" name="Cust Move - Remove ANI from PRO Check" activiti:async="true" activiti:delegateExpression="${parentTransCoordCheckActivity}"></serviceTask>
    <intermediateCatchEvent id="WF_0_936_8_Signal">
      <signalEventDefinition signalRef="WF_936_8_Trigger"></signalEventDefinition>
    </intermediateCatchEvent>
    <intermediateCatchEvent id="sid-34B37688-CBF6-4BC5-AA97-8976F6766117">
      <timerEventDefinition>
        <timeDuration>PT1M</timeDuration>
      </timerEventDefinition>
    </intermediateCatchEvent>
    <exclusiveGateway id="sid-14A20E69-52DA-4D24-ADAD-7BB9CD07DF53"></exclusiveGateway>
    <serviceTask id="WF_20000_936_8_Cust_Move_Rem_ANI_PRO_Activity" name="Cust Move - Remove ANI from PRO" activiti:async="true" activiti:delegateExpression="${custMoveANIRemoveProActivity}"></serviceTask>
    <endEvent id="sid-91BDE50B-88F7-4E6E-87AA-88AC6BA23247"></endEvent>
    <sequenceFlow id="sid-DB1B49D0-F5E9-444D-8775-D4538D205CF3" sourceRef="WF_20000_936_8_Cust_Move_Remove_ANI_PRO_Check" targetRef="sid-14A20E69-52DA-4D24-ADAD-7BB9CD07DF53"></sequenceFlow>
    <sequenceFlow id="sid-A88FA64F-F5E5-47FB-906F-590D23D8E4F9" sourceRef="sid-34B37688-CBF6-4BC5-AA97-8976F6766117" targetRef="WF_20000_936_8_Cust_Move_Remove_ANI_PRO_Check"></sequenceFlow>
    <sequenceFlow id="sid-9B976B89-1AE1-44E4-82C7-E9CE61EB7CFB" sourceRef="WF_20000_936_8_Cust_Move_Rem_ANI_PRO_Activity" targetRef="sid-91BDE50B-88F7-4E6E-87AA-88AC6BA23247"></sequenceFlow>
    <sequenceFlow id="sid-3559D29E-453E-41CE-8492-BEC2020B799F" sourceRef="sid-734DD70E-E489-4969-85DF-A3F926C2044A" targetRef="WF_0_933_6_Signal"></sequenceFlow>
    <sequenceFlow id="sid-FE84FDAD-F48E-4000-B56F-9FCAEF0E0FB8" sourceRef="sid-734DD70E-E489-4969-85DF-A3F926C2044A" targetRef="WF_0_936_8_Signal"></sequenceFlow>
    <sequenceFlow id="sid-7A3AFB3C-F8E9-4A14-8B59-EDF2A0A574A0" sourceRef="WF_0_936_8_Signal" targetRef="WF_20000_936_8_Cust_Move_Remove_ANI_PRO_Check"></sequenceFlow>
    <sequenceFlow id="sid-3EE851C4-1362-4D75-A1AA-D88144A11E9B" sourceRef="WF_0_933_6_Signal" targetRef="WF_20000_933_6_Cust_Move_Create_Disco_Ord_Check"></sequenceFlow>
    <sequenceFlow id="sid-2D258C79-5B34-49B3-86C8-410622CD3C64" sourceRef="sid-BF6063B5-2545-4AD8-A32C-BF1A7AE9B828" targetRef="sid-966E8018-10F9-43CB-AE39-769711488CC2">
      <conditionExpression xsi:type="tFormalExpression"><![CDATA[${WF_20000_933_6_Cust_Move_Create_Disco_Ord_Check.equals("FALSE")}]]></conditionExpression>
    </sequenceFlow>
    <sequenceFlow id="sid-37EBEE83-F146-49CB-B662-B07C648E8406" sourceRef="sid-BF6063B5-2545-4AD8-A32C-BF1A7AE9B828" targetRef="WF_0_933_6_Signal">
      <conditionExpression xsi:type="tFormalExpression"><![CDATA[${WF_20000_933_6_Cust_Move_Create_Disco_Ord_Check.equals("WAIT_SIGNAL")}]]></conditionExpression>
    </sequenceFlow>
    <sequenceFlow id="sid-2D73BF61-F017-41FE-BB5D-601B0DB14FFD" sourceRef="WF_20000_933_6_Cust_Move_Create_Disco_Ord_Activity" targetRef="sid-EDC7BEFD-2183-41D6-B0B9-C88C6B24F69F"></sequenceFlow>
    <sequenceFlow id="sid-0CC73394-B540-4C65-888F-5663C46B0943" sourceRef="sid-BF6063B5-2545-4AD8-A32C-BF1A7AE9B828" targetRef="WF_20000_933_6_Cust_Move_Create_Disco_Ord_Activity">
      <conditionExpression xsi:type="tFormalExpression"><![CDATA[${WF_20000_933_6_Cust_Move_Create_Disco_Ord_Check.equals("TRUE")}]]></conditionExpression>
    </sequenceFlow>
    <sequenceFlow id="sid-D6B567D8-4B27-4217-98E3-D603A3E77AD9" sourceRef="sid-14A20E69-52DA-4D24-ADAD-7BB9CD07DF53" targetRef="sid-34B37688-CBF6-4BC5-AA97-8976F6766117">
      <conditionExpression xsi:type="tFormalExpression"><![CDATA[${WF_20000_936_8_Cust_Move_Remove_ANI_PRO_Check.equals("FALSE")}]]></conditionExpression>
    </sequenceFlow>
    <sequenceFlow id="sid-82A17436-0B11-4C57-BAF7-77738D9D6338" sourceRef="sid-14A20E69-52DA-4D24-ADAD-7BB9CD07DF53" targetRef="WF_20000_936_8_Cust_Move_Rem_ANI_PRO_Activity">
      <conditionExpression xsi:type="tFormalExpression"><![CDATA[${WF_20000_936_8_Cust_Move_Remove_ANI_PRO_Check.equals("TRUE")}]]></conditionExpression>
    </sequenceFlow>
    <sequenceFlow id="sid-20A77AC6-2380-4019-A4A7-418966B88819" sourceRef="sid-14A20E69-52DA-4D24-ADAD-7BB9CD07DF53" targetRef="WF_0_936_8_Signal">
      <conditionExpression xsi:type="tFormalExpression"><![CDATA[${WF_20000_936_8_Cust_Move_Remove_ANI_PRO_Check.equals("WAIT_SIGNAL")}]]></conditionExpression>
    </sequenceFlow>
  </process>
  <bpmndi:BPMNDiagram id="BPMNDiagram_PIC_LD_PON_FLOW">
    <bpmndi:BPMNPlane bpmnElement="PIC_LD_PON_FLOW" id="BPMNPlane_PIC_LD_PON_FLOW">
      <bpmndi:BPMNShape bpmnElement="startEvent1" id="BPMNShape_startEvent1">
        <omgdc:Bounds height="30.0" width="30.0" x="2700.7499926052988" y="45.0"></omgdc:Bounds>
      </bpmndi:BPMNShape>
      <bpmndi:BPMNShape bpmnElement="PIC_LD_PON_Flow" id="BPMNShape_PIC_LD_PON_Flow">
        <omgdc:Bounds height="80.0" width="100.0" x="2665.7499926052988" y="135.0"></omgdc:Bounds>
      </bpmndi:BPMNShape>
      <bpmndi:BPMNShape bpmnElement="sid-734DD70E-E489-4969-85DF-A3F926C2044A" id="BPMNShape_sid-734DD70E-E489-4969-85DF-A3F926C2044A">
        <omgdc:Bounds height="40.0" width="40.0" x="2695.7499926052988" y="255.0"></omgdc:Bounds>
      </bpmndi:BPMNShape>
      <bpmndi:BPMNShape bpmnElement="WF_20000_914_16_Update_Inventory_Request_Check" id="BPMNShape_WF_20000_914_16_Update_Inventory_Request_Check">
        <omgdc:Bounds height="80.0" width="100.0" x="2205.0" y="480.0"></omgdc:Bounds>
      </bpmndi:BPMNShape>
      <bpmndi:BPMNShape bpmnElement="WF_0_914_16_Signal" id="BPMNShape_WF_0_914_16_Signal">
        <omgdc:Bounds height="30.0" width="30.0" x="2240.0" y="375.0"></omgdc:Bounds>
      </bpmndi:BPMNShape>
      <bpmndi:BPMNShape bpmnElement="sid-5C2A52E6-6944-43F6-BD4B-E796D1BAD94B" id="BPMNShape_sid-5C2A52E6-6944-43F6-BD4B-E796D1BAD94B">
        <omgdc:Bounds height="31.0" width="31.0" x="2114.2500073947012" y="504.5"></omgdc:Bounds>
      </bpmndi:BPMNShape>
      <bpmndi:BPMNShape bpmnElement="sid-F11E755D-690F-4178-BFAB-3AE26E641B9A" id="BPMNShape_sid-F11E755D-690F-4178-BFAB-3AE26E641B9A">
        <omgdc:Bounds height="40.0" width="40.0" x="2385.0" y="500.0"></omgdc:Bounds>
      </bpmndi:BPMNShape>
      <bpmndi:BPMNShape bpmnElement="WF_20000_914_16_Update_Inventory_Activity" id="BPMNShape_WF_20000_914_16_Update_Inventory_Activity">
        <omgdc:Bounds height="80.0" width="100.0" x="2205.0" y="660.0000000000001"></omgdc:Bounds>
      </bpmndi:BPMNShape>
      <bpmndi:BPMNShape bpmnElement="WF_20000_916_35_Send_LEC_Request_Check" id="BPMNShape_WF_20000_916_35_Send_LEC_Request_Check">
        <omgdc:Bounds height="80.0" width="100.0" x="2665.7499926052988" y="480.0"></omgdc:Bounds>
      </bpmndi:BPMNShape>
      <bpmndi:BPMNShape bpmnElement="WF_0_916_35_Signal" id="BPMNShape_WF_0_916_35_Signal">
        <omgdc:Bounds height="30.0" width="30.0" x="2700.0" y="375.0"></omgdc:Bounds>
      </bpmndi:BPMNShape>
      <bpmndi:BPMNShape bpmnElement="sid-603970B2-C42B-492B-924D-F0A3731F4473" id="BPMNShape_sid-603970B2-C42B-492B-924D-F0A3731F4473">
        <omgdc:Bounds height="31.0" width="31.0" x="2565.0" y="504.5"></omgdc:Bounds>
      </bpmndi:BPMNShape>
      <bpmndi:BPMNShape bpmnElement="sid-3869B934-D4F1-486F-8598-B79DA0355849" id="BPMNShape_sid-3869B934-D4F1-486F-8598-B79DA0355849">
        <omgdc:Bounds height="40.0" width="40.0" x="2835.7499926052988" y="500.0"></omgdc:Bounds>
      </bpmndi:BPMNShape>
      <bpmndi:BPMNShape bpmnElement="WF_20000_916_35_Send_LEC_Request_Activity" id="BPMNShape_WF_20000_916_35_Send_LEC_Request_Activity">
        <omgdc:Bounds height="80.0" width="100.0" x="2665.7499926052988" y="675.0"></omgdc:Bounds>
      </bpmndi:BPMNShape>
      <bpmndi:BPMNShape bpmnElement="WF_20000_915_18_Activate_TN_Request_Check" id="BPMNShape_WF_20000_915_18_Activate_TN_Request_Check">
        <omgdc:Bounds height="80.0" width="100.0" x="3100.7499926052988" y="480.0"></omgdc:Bounds>
      </bpmndi:BPMNShape>
      <bpmndi:BPMNShape bpmnElement="WF_0_915_18_Signal" id="BPMNShape_WF_0_915_18_Signal">
        <omgdc:Bounds height="30.0" width="30.0" x="3135.0" y="375.0"></omgdc:Bounds>
      </bpmndi:BPMNShape>
      <bpmndi:BPMNShape bpmnElement="sid-202651A0-BD42-4828-9351-C61BD9B67663" id="BPMNShape_sid-202651A0-BD42-4828-9351-C61BD9B67663">
        <omgdc:Bounds height="31.0" width="31.0" x="3000.0" y="504.5"></omgdc:Bounds>
      </bpmndi:BPMNShape>
      <bpmndi:BPMNShape bpmnElement="sid-46C5892F-AD7E-46BC-BF05-E898B0DDBA05" id="BPMNShape_sid-46C5892F-AD7E-46BC-BF05-E898B0DDBA05">
        <omgdc:Bounds height="40.0" width="40.0" x="3270.7499926052988" y="500.0"></omgdc:Bounds>
      </bpmndi:BPMNShape>
      <bpmndi:BPMNShape bpmnElement="WF_20000_915_18_Activate_TN_Activity" id="BPMNShape_WF_20000_915_18_Activate_TN_Activity">
        <omgdc:Bounds height="80.0" width="100.0" x="3100.7499926052988" y="675.0"></omgdc:Bounds>
      </bpmndi:BPMNShape>
      <bpmndi:BPMNShape bpmnElement="sid-67B43650-D314-4821-AD9B-663188C4E640" id="BPMNShape_sid-67B43650-D314-4821-AD9B-663188C4E640">
        <omgdc:Bounds height="28.0" width="28.0" x="2701.7499926052988" y="792.8888968067407"></omgdc:Bounds>
      </bpmndi:BPMNShape>
      <bpmndi:BPMNShape bpmnElement="sid-F602BE88-AB4E-47F6-AD73-075A9BBD1768" id="BPMNShape_sid-F602BE88-AB4E-47F6-AD73-075A9BBD1768">
        <omgdc:Bounds height="28.0" width="28.0" x="2241.0" y="776.8888968067407"></omgdc:Bounds>
      </bpmndi:BPMNShape>
      <bpmndi:BPMNShape bpmnElement="sid-337DB3D9-2F61-4F7D-81D0-3C16FF19C010" id="BPMNShape_sid-337DB3D9-2F61-4F7D-81D0-3C16FF19C010">
        <omgdc:Bounds height="28.0" width="28.0" x="3136.7499926052988" y="792.8888968067408"></omgdc:Bounds>
      </bpmndi:BPMNShape>
      <bpmndi:BPMNShape bpmnElement="WF_20001_921_9_Activate_TN_Request_Check" id="BPMNShape_WF_20001_921_9_Activate_TN_Request_Check">
        <omgdc:Bounds height="80.0" width="100.0" x="1705.5815508746414" y="486.0394478366783"></omgdc:Bounds>
      </bpmndi:BPMNShape>
      <bpmndi:BPMNShape bpmnElement="sid-DB6E1A16-2CA5-4012-9386-DC3839C1E356" id="BPMNShape_sid-DB6E1A16-2CA5-4012-9386-DC3839C1E356">
        <omgdc:Bounds height="31.0" width="31.0" x="1604.8315582693426" y="510.5394478366783"></omgdc:Bounds>
      </bpmndi:BPMNShape>
      <bpmndi:BPMNShape bpmnElement="sid-D8967C60-EFFF-4D40-86E2-4BE3EB6D27D1" id="BPMNShape_sid-D8967C60-EFFF-4D40-86E2-4BE3EB6D27D1">
        <omgdc:Bounds height="40.0" width="40.0" x="1875.5815508746414" y="506.0394478366783"></omgdc:Bounds>
      </bpmndi:BPMNShape>
      <bpmndi:BPMNShape bpmnElement="WF_20001_921_9_Activate_TN_Activity" id="BPMNShape_WF_20001_921_9_Activate_TN_Activity">
        <omgdc:Bounds height="80.0" width="100.0" x="1695.5815508746414" y="666.0394478366784"></omgdc:Bounds>
      </bpmndi:BPMNShape>
      <bpmndi:BPMNShape bpmnElement="sid-8ECDB762-9A1E-4B1A-A84D-C287D627D46B" id="BPMNShape_sid-8ECDB762-9A1E-4B1A-A84D-C287D627D46B">
        <omgdc:Bounds height="28.0" width="28.0" x="1731.5815508746414" y="782.928344643419"></omgdc:Bounds>
      </bpmndi:BPMNShape>
      <bpmndi:BPMNShape bpmnElement="WF_0_921_9_Signal" id="BPMNShape_WF_0_921_9_Signal">
        <omgdc:Bounds height="30.0" width="30.0" x="1740.5815508746414" y="381.0394478366783"></omgdc:Bounds>
      </bpmndi:BPMNShape>
      <bpmndi:BPMNShape bpmnElement="WF_20001_920_6_Update_Inventory_Request_Check" id="BPMNShape_WF_20001_920_6_Update_Inventory_Request_Check">
        <omgdc:Bounds height="80.0" width="100.0" x="1235.5815508746414" y="490.63681798089976"></omgdc:Bounds>
      </bpmndi:BPMNShape>
      <bpmndi:BPMNShape bpmnElement="sid-3A9DEBC2-366D-495C-BBD7-20761356395F" id="BPMNShape_sid-3A9DEBC2-366D-495C-BBD7-20761356395F">
        <omgdc:Bounds height="31.0" width="31.0" x="1134.8315582693426" y="515.1368179808998"></omgdc:Bounds>
      </bpmndi:BPMNShape>
      <bpmndi:BPMNShape bpmnElement="sid-73FCCEDF-75D7-41C5-B388-1A350831CDC0" id="BPMNShape_sid-73FCCEDF-75D7-41C5-B388-1A350831CDC0">
        <omgdc:Bounds height="40.0" width="40.0" x="1405.5815508746414" y="510.63681798089976"></omgdc:Bounds>
      </bpmndi:BPMNShape>
      <bpmndi:BPMNShape bpmnElement="WF_20001_920_6_Update_Inventory_Activity" id="BPMNShape_WF_20001_920_6_Update_Inventory_Activity">
        <omgdc:Bounds height="80.0" width="100.0" x="1225.5815508746414" y="670.6368179808999"></omgdc:Bounds>
      </bpmndi:BPMNShape>
      <bpmndi:BPMNShape bpmnElement="sid-6D5DB9B4-4702-49A8-B9C3-553411A55650" id="BPMNShape_sid-6D5DB9B4-4702-49A8-B9C3-553411A55650">
        <omgdc:Bounds height="28.0" width="28.0" x="1261.5815508746414" y="787.5257147876405"></omgdc:Bounds>
      </bpmndi:BPMNShape>
      <bpmndi:BPMNShape bpmnElement="WF_0_920_6_Signal" id="BPMNShape_WF_0_920_6_Signal">
        <omgdc:Bounds height="30.0" width="30.0" x="1270.5815508746414" y="385.63681798089976"></omgdc:Bounds>
      </bpmndi:BPMNShape>
      <bpmndi:BPMNShape bpmnElement="WF_20002_924_10_Activate_TN_Request_Check" id="BPMNShape_WF_20002_924_10_Activate_TN_Request_Check">
        <omgdc:Bounds height="80.0" width="99.99999999999989" x="810.7499926052989" y="495.0"></omgdc:Bounds>
      </bpmndi:BPMNShape>
      <bpmndi:BPMNShape bpmnElement="sid-A709771B-2FF2-4006-889C-B0C70CA9AC95" id="BPMNShape_sid-A709771B-2FF2-4006-889C-B0C70CA9AC95">
        <omgdc:Bounds height="31.0" width="31.0" x="710.0" y="519.5"></omgdc:Bounds>
      </bpmndi:BPMNShape>
      <bpmndi:BPMNShape bpmnElement="sid-D5389C8D-0DA8-4340-8170-B354DCDB9A32" id="BPMNShape_sid-D5389C8D-0DA8-4340-8170-B354DCDB9A32">
        <omgdc:Bounds height="40.0" width="40.0" x="980.7499926052988" y="515.0"></omgdc:Bounds>
      </bpmndi:BPMNShape>
      <bpmndi:BPMNShape bpmnElement="WF_20002_924_10_Activate_TN_Activity" id="BPMNShape_WF_20002_924_10_Activate_TN_Activity">
        <omgdc:Bounds height="80.0" width="99.99999999999989" x="800.7499926052989" y="675.0000000000001"></omgdc:Bounds>
      </bpmndi:BPMNShape>
      <bpmndi:BPMNShape bpmnElement="sid-A08FDAE6-839F-4441-BCDE-93A7F5932D41" id="BPMNShape_sid-A08FDAE6-839F-4441-BCDE-93A7F5932D41">
        <omgdc:Bounds height="28.0" width="28.0" x="836.7499926052989" y="791.8888968067407"></omgdc:Bounds>
      </bpmndi:BPMNShape>
      <bpmndi:BPMNShape bpmnElement="WF_0_924_10_Signal" id="BPMNShape_WF_0_924_10_Signal">
        <omgdc:Bounds height="30.0" width="30.0" x="845.7499926052989" y="390.0"></omgdc:Bounds>
      </bpmndi:BPMNShape>
      <bpmndi:BPMNShape bpmnElement="WF_20002_923_9_Update_Inventory_Request_Check" id="BPMNShape_WF_20002_923_9_Update_Inventory_Request_Check">
        <omgdc:Bounds height="80.0" width="100.0" x="340.74999260529887" y="499.5973701442215"></omgdc:Bounds>
      </bpmndi:BPMNShape>
      <bpmndi:BPMNShape bpmnElement="sid-943D5FAC-73AB-47CD-8AC5-7ED2643417BF" id="BPMNShape_sid-943D5FAC-73AB-47CD-8AC5-7ED2643417BF">
        <omgdc:Bounds height="31.0" width="31.0" x="240.0" y="524.0973701442215"></omgdc:Bounds>
      </bpmndi:BPMNShape>
      <bpmndi:BPMNShape bpmnElement="sid-E0FFF762-7D22-4407-9DAE-986CC9060784" id="BPMNShape_sid-E0FFF762-7D22-4407-9DAE-986CC9060784">
        <omgdc:Bounds height="40.0" width="40.0" x="510.74999260529887" y="519.5973701442215"></omgdc:Bounds>
      </bpmndi:BPMNShape>
      <bpmndi:BPMNShape bpmnElement="WF_20002_923_9_Update_Inventory_Activity" id="BPMNShape_WF_20002_923_9_Update_Inventory_Activity">
        <omgdc:Bounds height="80.0" width="100.0" x="330.74999260529887" y="679.5973701442216"></omgdc:Bounds>
      </bpmndi:BPMNShape>
      <bpmndi:BPMNShape bpmnElement="sid-C21B1F67-C9AC-4F1C-98CF-AF63DC425B66" id="BPMNShape_sid-C21B1F67-C9AC-4F1C-98CF-AF63DC425B66">
        <omgdc:Bounds height="28.0" width="28.0" x="366.74999260529887" y="796.4862669509622"></omgdc:Bounds>
      </bpmndi:BPMNShape>
      <bpmndi:BPMNShape bpmnElement="WF_0_923_9_Signal" id="BPMNShape_WF_0_923_9_Signal">
        <omgdc:Bounds height="30.0" width="30.0" x="375.74999260529887" y="394.5973701442215"></omgdc:Bounds>
      </bpmndi:BPMNShape>
      <bpmndi:BPMNShape bpmnElement="WF_20000_933_6_Cust_Move_Create_Disco_Ord_Check" id="BPMNShape_WF_20000_933_6_Cust_Move_Create_Disco_Ord_Check">
        <omgdc:Bounds height="80.0" width="100.0" x="3520.7499926052988" y="480.0"></omgdc:Bounds>
      </bpmndi:BPMNShape>
      <bpmndi:BPMNShape bpmnElement="WF_0_933_6_Signal" id="BPMNShape_WF_0_933_6_Signal">
        <omgdc:Bounds height="30.0" width="30.0" x="3555.0" y="375.0"></omgdc:Bounds>
      </bpmndi:BPMNShape>
      <bpmndi:BPMNShape bpmnElement="sid-966E8018-10F9-43CB-AE39-769711488CC2" id="BPMNShape_sid-966E8018-10F9-43CB-AE39-769711488CC2">
        <omgdc:Bounds height="31.0" width="31.0" x="3420.0" y="504.5"></omgdc:Bounds>
      </bpmndi:BPMNShape>
      <bpmndi:BPMNShape bpmnElement="sid-BF6063B5-2545-4AD8-A32C-BF1A7AE9B828" id="BPMNShape_sid-BF6063B5-2545-4AD8-A32C-BF1A7AE9B828">
        <omgdc:Bounds height="40.0" width="40.0" x="3690.7499926052988" y="500.0"></omgdc:Bounds>
      </bpmndi:BPMNShape>
      <bpmndi:BPMNShape bpmnElement="WF_20000_933_6_Cust_Move_Create_Disco_Ord_Activity" id="BPMNShape_WF_20000_933_6_Cust_Move_Create_Disco_Ord_Activity">
        <omgdc:Bounds height="80.0" width="100.0" x="3520.7499926052988" y="675.0"></omgdc:Bounds>
      </bpmndi:BPMNShape>
      <bpmndi:BPMNShape bpmnElement="sid-EDC7BEFD-2183-41D6-B0B9-C88C6B24F69F" id="BPMNShape_sid-EDC7BEFD-2183-41D6-B0B9-C88C6B24F69F">
        <omgdc:Bounds height="28.0" width="28.0" x="3556.0" y="792.8888968067408"></omgdc:Bounds>
      </bpmndi:BPMNShape>
      <bpmndi:BPMNShape bpmnElement="WF_20000_936_8_Cust_Move_Remove_ANI_PRO_Check" id="BPMNShape_WF_20000_936_8_Cust_Move_Remove_ANI_PRO_Check">
        <omgdc:Bounds height="80.0" width="100.0" x="3925.7499926052988" y="480.0"></omgdc:Bounds>
      </bpmndi:BPMNShape>
      <bpmndi:BPMNShape bpmnElement="WF_0_936_8_Signal" id="BPMNShape_WF_0_936_8_Signal">
        <omgdc:Bounds height="30.0" width="30.0" x="3960.0" y="375.0"></omgdc:Bounds>
      </bpmndi:BPMNShape>
      <bpmndi:BPMNShape bpmnElement="sid-34B37688-CBF6-4BC5-AA97-8976F6766117" id="BPMNShape_sid-34B37688-CBF6-4BC5-AA97-8976F6766117">
        <omgdc:Bounds height="31.0" width="31.0" x="3825.0" y="504.5"></omgdc:Bounds>
      </bpmndi:BPMNShape>
      <bpmndi:BPMNShape bpmnElement="sid-14A20E69-52DA-4D24-ADAD-7BB9CD07DF53" id="BPMNShape_sid-14A20E69-52DA-4D24-ADAD-7BB9CD07DF53">
        <omgdc:Bounds height="40.0" width="40.0" x="4095.7499926052988" y="500.0"></omgdc:Bounds>
      </bpmndi:BPMNShape>
      <bpmndi:BPMNShape bpmnElement="WF_20000_936_8_Cust_Move_Rem_ANI_PRO_Activity" id="BPMNShape_WF_20000_936_8_Cust_Move_Rem_ANI_PRO_Activity">
        <omgdc:Bounds height="80.0" width="100.0" x="3925.7499926052988" y="675.0"></omgdc:Bounds>
      </bpmndi:BPMNShape>
      <bpmndi:BPMNShape bpmnElement="sid-91BDE50B-88F7-4E6E-87AA-88AC6BA23247" id="BPMNShape_sid-91BDE50B-88F7-4E6E-87AA-88AC6BA23247">
        <omgdc:Bounds height="28.0" width="28.0" x="3961.0" y="792.8888968067408"></omgdc:Bounds>
      </bpmndi:BPMNShape>
      <bpmndi:BPMNEdge bpmnElement="sid-3EE851C4-1362-4D75-A1AA-D88144A11E9B" id="BPMNEdge_sid-3EE851C4-1362-4D75-A1AA-D88144A11E9B">
        <omgdi:waypoint x="3570.086536168208" y="404.9997503809761"></omgdi:waypoint>
        <omgdi:waypoint x="3570.519225649822" y="480.0"></omgdi:waypoint>
      </bpmndi:BPMNEdge>
      <bpmndi:BPMNEdge bpmnElement="sid-61C8D134-D668-49C0-8F3E-F08FA0D58532" id="BPMNEdge_sid-61C8D134-D668-49C0-8F3E-F08FA0D58532">
        <omgdi:waypoint x="2255.0" y="740.0000000000001"></omgdi:waypoint>
        <omgdi:waypoint x="2255.0" y="776.8888968067407"></omgdi:waypoint>
      </bpmndi:BPMNEdge>
      <bpmndi:BPMNEdge bpmnElement="sid-7071F086-16F1-4CCB-A3CA-F041F285AD8F" id="BPMNEdge_sid-7071F086-16F1-4CCB-A3CA-F041F285AD8F">
        <omgdi:waypoint x="1020.7499926052988" y="535.0"></omgdi:waypoint>
        <omgdi:waypoint x="1076.0" y="535.0"></omgdi:waypoint>
        <omgdi:waypoint x="1076.0" y="715.0"></omgdi:waypoint>
        <omgdi:waypoint x="900.7499926052988" y="715.0000000000001"></omgdi:waypoint>
      </bpmndi:BPMNEdge>
      <bpmndi:BPMNEdge bpmnElement="sid-FF2CFA26-CFEA-45C0-B77B-D95667A118CF" id="BPMNEdge_sid-FF2CFA26-CFEA-45C0-B77B-D95667A118CF">
        <omgdi:waypoint x="1805.5815508746414" y="526.0394478366783"></omgdi:waypoint>
        <omgdi:waypoint x="1875.5815508746414" y="526.0394478366783"></omgdi:waypoint>
      </bpmndi:BPMNEdge>
      <bpmndi:BPMNEdge bpmnElement="sid-A88FA64F-F5E5-47FB-906F-590D23D8E4F9" id="BPMNEdge_sid-A88FA64F-F5E5-47FB-906F-590D23D8E4F9">
        <omgdi:waypoint x="3856.0" y="520.0"></omgdi:waypoint>
        <omgdi:waypoint x="3925.7499926052988" y="520.0"></omgdi:waypoint>
      </bpmndi:BPMNEdge>
      <bpmndi:BPMNEdge bpmnElement="sid-FE84FDAD-F48E-4000-B56F-9FCAEF0E0FB8" id="BPMNEdge_sid-FE84FDAD-F48E-4000-B56F-9FCAEF0E0FB8">
        <omgdi:waypoint x="2735.2499926052988" y="275.5"></omgdi:waypoint>
        <omgdi:waypoint x="3975.0" y="275.5"></omgdi:waypoint>
        <omgdi:waypoint x="3975.0" y="375.0"></omgdi:waypoint>
      </bpmndi:BPMNEdge>
      <bpmndi:BPMNEdge bpmnElement="sid-B771C26F-A52F-419A-B67A-FC318E2AC073" id="BPMNEdge_sid-B771C26F-A52F-419A-B67A-FC318E2AC073">
        <omgdi:waypoint x="1445.4140889735452" y="530.4693560798036"></omgdi:waypoint>
        <omgdi:waypoint x="1501.0" y="530.0"></omgdi:waypoint>
        <omgdi:waypoint x="1501.0" y="710.0"></omgdi:waypoint>
        <omgdi:waypoint x="1325.5815508746414" y="710.4955655715761"></omgdi:waypoint>
      </bpmndi:BPMNEdge>
      <bpmndi:BPMNEdge bpmnElement="sid-FB59B639-E05C-4978-A306-F3DEDC319241" id="BPMNEdge_sid-FB59B639-E05C-4978-A306-F3DEDC319241">
        <omgdi:waypoint x="2405.0" y="500.0"></omgdi:waypoint>
        <omgdi:waypoint x="2405.0" y="390.0"></omgdi:waypoint>
        <omgdi:waypoint x="2270.0" y="390.0"></omgdi:waypoint>
      </bpmndi:BPMNEdge>
      <bpmndi:BPMNEdge bpmnElement="sid-B87A2B5F-7207-47E2-85F5-5392B4BD9D73" id="BPMNEdge_sid-B87A2B5F-7207-47E2-85F5-5392B4BD9D73">
        <omgdi:waypoint x="1895.4925068648147" y="506.128491846505"></omgdi:waypoint>
        <omgdi:waypoint x="1895.0" y="396.0"></omgdi:waypoint>
        <omgdi:waypoint x="1770.5815502742048" y="396.03520365285465"></omgdi:waypoint>
      </bpmndi:BPMNEdge>
      <bpmndi:BPMNEdge bpmnElement="sid-0BBD345B-258F-4E85-B83F-616176F404F5" id="BPMNEdge_sid-0BBD345B-258F-4E85-B83F-616176F404F5">
        <omgdi:waypoint x="2596.0" y="520.0"></omgdi:waypoint>
        <omgdi:waypoint x="2665.7499926052988" y="520.0"></omgdi:waypoint>
      </bpmndi:BPMNEdge>
      <bpmndi:BPMNEdge bpmnElement="sid-541AE07E-FF9E-481B-B392-908B47CCA012" id="BPMNEdge_sid-541AE07E-FF9E-481B-B392-908B47CCA012">
        <omgdi:waypoint x="850.7499926052988" y="755.0000000000001"></omgdi:waypoint>
        <omgdi:waypoint x="850.7499926052989" y="791.8888968067407"></omgdi:waypoint>
      </bpmndi:BPMNEdge>
      <bpmndi:BPMNEdge bpmnElement="sid-8F5C2B7C-858A-44EA-97A2-664B022F7581" id="BPMNEdge_sid-8F5C2B7C-858A-44EA-97A2-664B022F7581">
        <omgdi:waypoint x="741.0" y="535.0"></omgdi:waypoint>
        <omgdi:waypoint x="810.7499926052989" y="535.0"></omgdi:waypoint>
      </bpmndi:BPMNEdge>
      <bpmndi:BPMNEdge bpmnElement="sid-0A260AEF-2C92-404D-9B85-0C459AF69FC7" id="BPMNEdge_sid-0A260AEF-2C92-404D-9B85-0C459AF69FC7">
        <omgdi:waypoint x="2875.7499926052988" y="520.0"></omgdi:waypoint>
        <omgdi:waypoint x="2932.0" y="520.0"></omgdi:waypoint>
        <omgdi:waypoint x="2932.0" y="715.0"></omgdi:waypoint>
        <omgdi:waypoint x="2765.7499926052988" y="715.0"></omgdi:waypoint>
      </bpmndi:BPMNEdge>
      <bpmndi:BPMNEdge bpmnElement="sid-68B917B3-3D0F-4BD5-917D-CEF9FAF2CE9F" id="BPMNEdge_sid-68B917B3-3D0F-4BD5-917D-CEF9FAF2CE9F">
        <omgdi:waypoint x="530.6208534452165" y="559.4682309841392"></omgdi:waypoint>
        <omgdi:waypoint x="530.0" y="655.0"></omgdi:waypoint>
        <omgdi:waypoint x="254.0" y="655.0"></omgdi:waypoint>
        <omgdi:waypoint x="255.29854847098207" y="555.09606096898"></omgdi:waypoint>
      </bpmndi:BPMNEdge>
      <bpmndi:BPMNEdge bpmnElement="sid-E26E3645-30D6-4365-8340-B24828F36D00" id="BPMNEdge_sid-E26E3645-30D6-4365-8340-B24828F36D00">
        <omgdi:waypoint x="2405.0" y="540.0"></omgdi:waypoint>
        <omgdi:waypoint x="2405.0" y="636.0"></omgdi:waypoint>
        <omgdi:waypoint x="2129.0" y="636.0"></omgdi:waypoint>
        <omgdi:waypoint x="2129.6497929840216" y="535.4996760311915"></omgdi:waypoint>
      </bpmndi:BPMNEdge>
      <bpmndi:BPMNEdge bpmnElement="sid-48035007-FB16-4245-A6C0-7B5E64160BB8" id="BPMNEdge_sid-48035007-FB16-4245-A6C0-7B5E64160BB8">
        <omgdi:waypoint x="3200.7499926052988" y="520.0"></omgdi:waypoint>
        <omgdi:waypoint x="3270.7499926052988" y="520.0"></omgdi:waypoint>
      </bpmndi:BPMNEdge>
      <bpmndi:BPMNEdge bpmnElement="sid-DE27CF85-4D16-47CC-AD5C-9A68F85B5D59" id="BPMNEdge_sid-DE27CF85-4D16-47CC-AD5C-9A68F85B5D59">
        <omgdi:waypoint x="1165.8315582693426" y="530.6368179808998"></omgdi:waypoint>
        <omgdi:waypoint x="1235.5815508746414" y="530.6368179808998"></omgdi:waypoint>
      </bpmndi:BPMNEdge>
      <bpmndi:BPMNEdge bpmnElement="sid-0CC73394-B540-4C65-888F-5663C46B0943" id="BPMNEdge_sid-0CC73394-B540-4C65-888F-5663C46B0943">
        <omgdi:waypoint x="3730.7499926052988" y="520.0"></omgdi:waypoint>
        <omgdi:waypoint x="3787.0" y="520.0"></omgdi:waypoint>
        <omgdi:waypoint x="3787.0" y="715.0"></omgdi:waypoint>
        <omgdi:waypoint x="3620.7499926052988" y="715.0"></omgdi:waypoint>
      </bpmndi:BPMNEdge>
      <bpmndi:BPMNEdge bpmnElement="sid-977DAB53-5973-48BE-8F60-8E7B53A56B7B" id="BPMNEdge_sid-977DAB53-5973-48BE-8F60-8E7B53A56B7B">
        <omgdi:waypoint x="2305.0" y="520.0"></omgdi:waypoint>
        <omgdi:waypoint x="2385.0" y="520.0"></omgdi:waypoint>
      </bpmndi:BPMNEdge>
      <bpmndi:BPMNEdge bpmnElement="sid-6E4BF274-5637-43A7-8A1D-FC951C6634EE" id="BPMNEdge_sid-6E4BF274-5637-43A7-8A1D-FC951C6634EE">
        <omgdi:waypoint x="2715.7499926052988" y="75.0"></omgdi:waypoint>
        <omgdi:waypoint x="2715.7499926052988" y="135.0"></omgdi:waypoint>
      </bpmndi:BPMNEdge>
      <bpmndi:BPMNEdge bpmnElement="sid-20A77AC6-2380-4019-A4A7-418966B88819" id="BPMNEdge_sid-20A77AC6-2380-4019-A4A7-418966B88819">
        <omgdi:waypoint x="4115.788381454513" y="500.0383888492142"></omgdi:waypoint>
        <omgdi:waypoint x="4116.0" y="390.0"></omgdi:waypoint>
        <omgdi:waypoint x="3990.0" y="390.0"></omgdi:waypoint>
      </bpmndi:BPMNEdge>
      <bpmndi:BPMNEdge bpmnElement="sid-E17F4FA1-07FE-47F8-B099-1508252A1AD3" id="BPMNEdge_sid-E17F4FA1-07FE-47F8-B099-1508252A1AD3">
        <omgdi:waypoint x="1285.5815508746414" y="415.63681798089976"></omgdi:waypoint>
        <omgdi:waypoint x="1285.5815508746414" y="490.63681798089976"></omgdi:waypoint>
      </bpmndi:BPMNEdge>
      <bpmndi:BPMNEdge bpmnElement="sid-E10B8ABB-7B03-47F1-830D-EE2B05D6071F" id="BPMNEdge_sid-E10B8ABB-7B03-47F1-830D-EE2B05D6071F">
        <omgdi:waypoint x="3310.7499926052988" y="520.0"></omgdi:waypoint>
        <omgdi:waypoint x="3367.0" y="520.0"></omgdi:waypoint>
        <omgdi:waypoint x="3367.0" y="715.0"></omgdi:waypoint>
        <omgdi:waypoint x="3200.7499926052988" y="715.0"></omgdi:waypoint>
      </bpmndi:BPMNEdge>
      <bpmndi:BPMNEdge bpmnElement="sid-DB1B49D0-F5E9-444D-8775-D4538D205CF3" id="BPMNEdge_sid-DB1B49D0-F5E9-444D-8775-D4538D205CF3">
        <omgdi:waypoint x="4025.7499926052988" y="520.0"></omgdi:waypoint>
        <omgdi:waypoint x="4095.7499926052988" y="520.0"></omgdi:waypoint>
      </bpmndi:BPMNEdge>
      <bpmndi:BPMNEdge bpmnElement="sid-F9170FB4-9732-412E-8C5E-98083F5568FC" id="BPMNEdge_sid-F9170FB4-9732-412E-8C5E-98083F5568FC">
        <omgdi:waypoint x="1000.616956214259" y="554.8669636089602"></omgdi:waypoint>
        <omgdi:waypoint x="1000.0" y="647.0"></omgdi:waypoint>
        <omgdi:waypoint x="724.0" y="651.0"></omgdi:waypoint>
        <omgdi:waypoint x="725.2995857206183" y="550.4987042721842"></omgdi:waypoint>
      </bpmndi:BPMNEdge>
      <bpmndi:BPMNEdge bpmnElement="sid-1A45CF79-44F7-4DEE-81DF-260387058238" id="BPMNEdge_sid-1A45CF79-44F7-4DEE-81DF-260387058238">
        <omgdi:waypoint x="910.7499926052988" y="535.0"></omgdi:waypoint>
        <omgdi:waypoint x="980.7499926052988" y="535.0"></omgdi:waypoint>
      </bpmndi:BPMNEdge>
      <bpmndi:BPMNEdge bpmnElement="sid-B71E236F-1D55-436F-8842-D508F9BC0887" id="BPMNEdge_sid-B71E236F-1D55-436F-8842-D508F9BC0887">
        <omgdi:waypoint x="2735.7499926052988" y="275.0"></omgdi:waypoint>
        <omgdi:waypoint x="3150.0" y="275.0"></omgdi:waypoint>
        <omgdi:waypoint x="3150.0" y="375.0"></omgdi:waypoint>
      </bpmndi:BPMNEdge>
      <bpmndi:BPMNEdge bpmnElement="sid-F4C32ED4-AA6D-45DE-A7DE-797540F39C70" id="BPMNEdge_sid-F4C32ED4-AA6D-45DE-A7DE-797540F39C70">
        <omgdi:waypoint x="1915.5710952859577" y="526.0289922479947"></omgdi:waypoint>
        <omgdi:waypoint x="1971.0" y="526.0"></omgdi:waypoint>
        <omgdi:waypoint x="1971.0" y="706.0"></omgdi:waypoint>
        <omgdi:waypoint x="1795.5815508746414" y="706.0306979236098"></omgdi:waypoint>
      </bpmndi:BPMNEdge>
      <bpmndi:BPMNEdge bpmnElement="sid-B77CBFC5-F846-4B43-84D0-BD25CEB66118" id="BPMNEdge_sid-B77CBFC5-F846-4B43-84D0-BD25CEB66118">
        <omgdi:waypoint x="3031.0" y="520.0"></omgdi:waypoint>
        <omgdi:waypoint x="3100.7499926052988" y="520.0"></omgdi:waypoint>
      </bpmndi:BPMNEdge>
      <bpmndi:BPMNEdge bpmnElement="sid-9FCCC255-19D3-4DB0-807D-5F66FA532870" id="BPMNEdge_sid-9FCCC255-19D3-4DB0-807D-5F66FA532870">
        <omgdi:waypoint x="1275.5815508746414" y="750.6368179808999"></omgdi:waypoint>
        <omgdi:waypoint x="1275.5815508746414" y="787.5257147876405"></omgdi:waypoint>
      </bpmndi:BPMNEdge>
      <bpmndi:BPMNEdge bpmnElement="sid-2D258C79-5B34-49B3-86C8-410622CD3C64" id="BPMNEdge_sid-2D258C79-5B34-49B3-86C8-410622CD3C64">
        <omgdi:waypoint x="3710.793004627458" y="539.9569879778412"></omgdi:waypoint>
        <omgdi:waypoint x="3711.0" y="636.0"></omgdi:waypoint>
        <omgdi:waypoint x="3435.0" y="636.0"></omgdi:waypoint>
        <omgdi:waypoint x="3435.433190275801" y="535.4998560141942"></omgdi:waypoint>
      </bpmndi:BPMNEdge>
      <bpmndi:BPMNEdge bpmnElement="sid-A18BA4BF-C989-48B7-BE98-BA09EC9F3B96" id="BPMNEdge_sid-A18BA4BF-C989-48B7-BE98-BA09EC9F3B96">
        <omgdi:waypoint x="2695.7499926052988" y="275.0"></omgdi:waypoint>
        <omgdi:waypoint x="1285.0" y="275.0"></omgdi:waypoint>
        <omgdi:waypoint x="1285.5121192397999" y="385.63697867349106"></omgdi:waypoint>
      </bpmndi:BPMNEdge>
      <bpmndi:BPMNEdge bpmnElement="sid-BEE5FAD0-FE22-4800-8915-0F7DE949EC8B" id="BPMNEdge_sid-BEE5FAD0-FE22-4800-8915-0F7DE949EC8B">
        <omgdi:waypoint x="380.74999260529887" y="759.5973701442216"></omgdi:waypoint>
        <omgdi:waypoint x="380.74999260529887" y="796.4862669509622"></omgdi:waypoint>
      </bpmndi:BPMNEdge>
      <bpmndi:BPMNEdge bpmnElement="sid-82A17436-0B11-4C57-BAF7-77738D9D6338" id="BPMNEdge_sid-82A17436-0B11-4C57-BAF7-77738D9D6338">
        <omgdi:waypoint x="4135.749992605299" y="520.0"></omgdi:waypoint>
        <omgdi:waypoint x="4192.0" y="520.0"></omgdi:waypoint>
        <omgdi:waypoint x="4192.0" y="715.0"></omgdi:waypoint>
        <omgdi:waypoint x="4025.7499926052988" y="715.0"></omgdi:waypoint>
      </bpmndi:BPMNEdge>
      <bpmndi:BPMNEdge bpmnElement="sid-36687923-2868-42AA-A5BD-A1FF6C317E03" id="BPMNEdge_sid-36687923-2868-42AA-A5BD-A1FF6C317E03">
        <omgdi:waypoint x="2425.0" y="520.0"></omgdi:waypoint>
        <omgdi:waypoint x="2481.0" y="520.0"></omgdi:waypoint>
        <omgdi:waypoint x="2481.0" y="700.0"></omgdi:waypoint>
        <omgdi:waypoint x="2305.0" y="700.0000000000001"></omgdi:waypoint>
      </bpmndi:BPMNEdge>
      <bpmndi:BPMNEdge bpmnElement="sid-37EBEE83-F146-49CB-B662-B07C648E8406" id="BPMNEdge_sid-37EBEE83-F146-49CB-B662-B07C648E8406">
        <omgdi:waypoint x="3710.788381454513" y="500.0383888492142"></omgdi:waypoint>
        <omgdi:waypoint x="3711.0" y="390.0"></omgdi:waypoint>
        <omgdi:waypoint x="3585.0" y="390.0"></omgdi:waypoint>
      </bpmndi:BPMNEdge>
      <bpmndi:BPMNEdge bpmnElement="sid-0A24CE26-13B7-4F99-952C-D95B2E2E57BC" id="BPMNEdge_sid-0A24CE26-13B7-4F99-952C-D95B2E2E57BC">
        <omgdi:waypoint x="2715.086536168208" y="404.9997503809761"></omgdi:waypoint>
        <omgdi:waypoint x="2715.519225649822" y="480.0"></omgdi:waypoint>
      </bpmndi:BPMNEdge>
      <bpmndi:BPMNEdge bpmnElement="sid-D6B567D8-4B27-4217-98E3-D603A3E77AD9" id="BPMNEdge_sid-D6B567D8-4B27-4217-98E3-D603A3E77AD9">
        <omgdi:waypoint x="4115.793004627458" y="539.9569879778412"></omgdi:waypoint>
        <omgdi:waypoint x="4116.0" y="636.0"></omgdi:waypoint>
        <omgdi:waypoint x="3840.0" y="636.0"></omgdi:waypoint>
        <omgdi:waypoint x="3840.433190275801" y="535.4998560141942"></omgdi:waypoint>
      </bpmndi:BPMNEdge>
      <bpmndi:BPMNEdge bpmnElement="sid-81E94528-F810-402F-9D44-B581F5FF3788" id="BPMNEdge_sid-81E94528-F810-402F-9D44-B581F5FF3788">
        <omgdi:waypoint x="1425.4812356882371" y="550.5365027944955"></omgdi:waypoint>
        <omgdi:waypoint x="1425.0" y="646.0"></omgdi:waypoint>
        <omgdi:waypoint x="1149.0" y="646.0"></omgdi:waypoint>
        <omgdi:waypoint x="1150.1526642918636" y="546.1357855898995"></omgdi:waypoint>
      </bpmndi:BPMNEdge>
      <bpmndi:BPMNEdge bpmnElement="sid-6AAF0857-304E-4ECB-B6E9-FFF2801EB0FD" id="BPMNEdge_sid-6AAF0857-304E-4ECB-B6E9-FFF2801EB0FD">
        <omgdi:waypoint x="3150.086536168208" y="404.9997503809761"></omgdi:waypoint>
        <omgdi:waypoint x="3150.519225649822" y="480.0"></omgdi:waypoint>
      </bpmndi:BPMNEdge>
      <bpmndi:BPMNEdge bpmnElement="sid-A8FEDF31-9582-4470-8E0D-1C1AC14D1341" id="BPMNEdge_sid-A8FEDF31-9582-4470-8E0D-1C1AC14D1341">
        <omgdi:waypoint x="2715.7499926052988" y="755.0"></omgdi:waypoint>
        <omgdi:waypoint x="2715.7499926052988" y="792.8888968067407"></omgdi:waypoint>
      </bpmndi:BPMNEdge>
      <bpmndi:BPMNEdge bpmnElement="sid-C34BE596-C320-40E7-A4E9-44F1E9CDB3E4" id="BPMNEdge_sid-C34BE596-C320-40E7-A4E9-44F1E9CDB3E4">
        <omgdi:waypoint x="2765.7499926052988" y="520.0"></omgdi:waypoint>
        <omgdi:waypoint x="2835.7499926052988" y="520.0"></omgdi:waypoint>
      </bpmndi:BPMNEdge>
      <bpmndi:BPMNEdge bpmnElement="sid-E842E2FB-2991-4162-BAEB-E1D8B047038A" id="BPMNEdge_sid-E842E2FB-2991-4162-BAEB-E1D8B047038A">
        <omgdi:waypoint x="530.6357927325951" y="519.7115700169253"></omgdi:waypoint>
        <omgdi:waypoint x="530.0" y="409.0"></omgdi:waypoint>
        <omgdi:waypoint x="405.7498545821784" y="409.53302207070914"></omgdi:waypoint>
      </bpmndi:BPMNEdge>
      <bpmndi:BPMNEdge bpmnElement="sid-83EFFB3F-9D90-40DB-B1D2-032BC0B221F1" id="BPMNEdge_sid-83EFFB3F-9D90-40DB-B1D2-032BC0B221F1">
        <omgdi:waypoint x="1635.8315582693426" y="526.0394478366783"></omgdi:waypoint>
        <omgdi:waypoint x="1705.5815508746414" y="526.0394478366783"></omgdi:waypoint>
      </bpmndi:BPMNEdge>
      <bpmndi:BPMNEdge bpmnElement="sid-2FAF71B2-4DC6-4FB9-A29D-EF6427DBCBA0" id="BPMNEdge_sid-2FAF71B2-4DC6-4FB9-A29D-EF6427DBCBA0">
        <omgdi:waypoint x="1745.5815508746414" y="746.0394478366784"></omgdi:waypoint>
        <omgdi:waypoint x="1745.5815508746414" y="782.928344643419"></omgdi:waypoint>
      </bpmndi:BPMNEdge>
      <bpmndi:BPMNEdge bpmnElement="sid-7C9385B5-29A6-4D34-833C-12ACF1B0E709" id="BPMNEdge_sid-7C9385B5-29A6-4D34-833C-12ACF1B0E709">
        <omgdi:waypoint x="2695.7499926052988" y="275.0"></omgdi:waypoint>
        <omgdi:waypoint x="390.0" y="275.0"></omgdi:waypoint>
        <omgdi:waypoint x="390.666412113159" y="394.5976030026511"></omgdi:waypoint>
      </bpmndi:BPMNEdge>
      <bpmndi:BPMNEdge bpmnElement="sid-400B3577-8326-4F64-825E-05374B21569D" id="BPMNEdge_sid-400B3577-8326-4F64-825E-05374B21569D">
        <omgdi:waypoint x="1335.5815508746414" y="530.6368179808998"></omgdi:waypoint>
        <omgdi:waypoint x="1405.5815508746414" y="530.6368179808998"></omgdi:waypoint>
      </bpmndi:BPMNEdge>
      <bpmndi:BPMNEdge bpmnElement="sid-A46CB131-1EB7-46B1-929B-3D26614D58AA" id="BPMNEdge_sid-A46CB131-1EB7-46B1-929B-3D26614D58AA">
        <omgdi:waypoint x="2715.6204042418926" y="294.87041163659404"></omgdi:waypoint>
        <omgdi:waypoint x="2715.0978230421356" y="375.00031898164406"></omgdi:waypoint>
      </bpmndi:BPMNEdge>
      <bpmndi:BPMNEdge bpmnElement="sid-7DC50723-B230-47B1-A53E-F0C592595185" id="BPMNEdge_sid-7DC50723-B230-47B1-A53E-F0C592595185">
        <omgdi:waypoint x="2695.7499926052988" y="275.0"></omgdi:waypoint>
        <omgdi:waypoint x="2255.0" y="275.0"></omgdi:waypoint>
        <omgdi:waypoint x="2255.0" y="375.0"></omgdi:waypoint>
      </bpmndi:BPMNEdge>
      <bpmndi:BPMNEdge bpmnElement="sid-29EA5B15-24DA-496F-A65A-5F980F9151CF" id="BPMNEdge_sid-29EA5B15-24DA-496F-A65A-5F980F9151CF">
        <omgdi:waypoint x="390.74999260529887" y="424.5973701442215"></omgdi:waypoint>
        <omgdi:waypoint x="390.74999260529887" y="499.5973701442215"></omgdi:waypoint>
      </bpmndi:BPMNEdge>
      <bpmndi:BPMNEdge bpmnElement="sid-D44A572C-DF39-436B-91C4-101E079A86F7" id="BPMNEdge_sid-D44A572C-DF39-436B-91C4-101E079A86F7">
        <omgdi:waypoint x="550.5924736076473" y="539.4398511465699"></omgdi:waypoint>
        <omgdi:waypoint x="606.0" y="539.0"></omgdi:waypoint>
        <omgdi:waypoint x="606.0" y="719.0"></omgdi:waypoint>
        <omgdi:waypoint x="430.74999260529887" y="719.464768562732"></omgdi:waypoint>
      </bpmndi:BPMNEdge>
      <bpmndi:BPMNEdge bpmnElement="sid-2D73BF61-F017-41FE-BB5D-601B0DB14FFD" id="BPMNEdge_sid-2D73BF61-F017-41FE-BB5D-601B0DB14FFD">
        <omgdi:waypoint x="3570.4235145948483" y="755.0"></omgdi:waypoint>
        <omgdi:waypoint x="3570.1142634977505" y="792.8893631054677"></omgdi:waypoint>
      </bpmndi:BPMNEdge>
      <bpmndi:BPMNEdge bpmnElement="sid-A7EFD9D3-AF04-408B-9334-EFFC57D3D732" id="BPMNEdge_sid-A7EFD9D3-AF04-408B-9334-EFFC57D3D732">
        <omgdi:waypoint x="2695.7499926052988" y="275.0"></omgdi:waypoint>
        <omgdi:waypoint x="860.0" y="275.0"></omgdi:waypoint>
        <omgdi:waypoint x="860.6634564370908" y="390.0002496190239"></omgdi:waypoint>
      </bpmndi:BPMNEdge>
      <bpmndi:BPMNEdge bpmnElement="sid-8D26678C-2B81-4C43-9019-742F4A13F524" id="BPMNEdge_sid-8D26678C-2B81-4C43-9019-742F4A13F524">
        <omgdi:waypoint x="2855.788381454513" y="500.0383888492142"></omgdi:waypoint>
        <omgdi:waypoint x="2856.0" y="390.0"></omgdi:waypoint>
        <omgdi:waypoint x="2730.0" y="390.0"></omgdi:waypoint>
      </bpmndi:BPMNEdge>
      <bpmndi:BPMNEdge bpmnElement="sid-16CC2B8F-E980-49AF-9F83-9CA60866D56C" id="BPMNEdge_sid-16CC2B8F-E980-49AF-9F83-9CA60866D56C">
        <omgdi:waypoint x="860.7499926052989" y="420.0"></omgdi:waypoint>
        <omgdi:waypoint x="860.7499926052988" y="495.0"></omgdi:waypoint>
      </bpmndi:BPMNEdge>
      <bpmndi:BPMNEdge bpmnElement="sid-0DB1D337-34FB-4CAB-846F-68389EBCA50D" id="BPMNEdge_sid-0DB1D337-34FB-4CAB-846F-68389EBCA50D">
        <omgdi:waypoint x="3150.7499926052988" y="755.0"></omgdi:waypoint>
        <omgdi:waypoint x="3150.7499926052988" y="792.8888968067408"></omgdi:waypoint>
      </bpmndi:BPMNEdge>
      <bpmndi:BPMNEdge bpmnElement="sid-946F9BE1-399B-4E54-B1F3-3CD7BAAF0DD0" id="BPMNEdge_sid-946F9BE1-399B-4E54-B1F3-3CD7BAAF0DD0">
        <omgdi:waypoint x="3290.793004627458" y="539.9569879778412"></omgdi:waypoint>
        <omgdi:waypoint x="3291.0" y="636.0"></omgdi:waypoint>
        <omgdi:waypoint x="3015.0" y="636.0"></omgdi:waypoint>
        <omgdi:waypoint x="3015.433190275801" y="535.4998560141942"></omgdi:waypoint>
      </bpmndi:BPMNEdge>
      <bpmndi:BPMNEdge bpmnElement="sid-3559D29E-453E-41CE-8492-BEC2020B799F" id="BPMNEdge_sid-3559D29E-453E-41CE-8492-BEC2020B799F">
        <omgdi:waypoint x="2735.2499926052988" y="275.5"></omgdi:waypoint>
        <omgdi:waypoint x="3570.0" y="275.5"></omgdi:waypoint>
        <omgdi:waypoint x="3570.0" y="375.0"></omgdi:waypoint>
      </bpmndi:BPMNEdge>
      <bpmndi:BPMNEdge bpmnElement="sid-7A3AFB3C-F8E9-4A14-8B59-EDF2A0A574A0" id="BPMNEdge_sid-7A3AFB3C-F8E9-4A14-8B59-EDF2A0A574A0">
        <omgdi:waypoint x="3975.086536168208" y="404.9997503809761"></omgdi:waypoint>
        <omgdi:waypoint x="3975.519225649822" y="480.0"></omgdi:waypoint>
      </bpmndi:BPMNEdge>
      <bpmndi:BPMNEdge bpmnElement="sid-6AEAD358-93CB-400B-8FEF-A7F05C999C94" id="BPMNEdge_sid-6AEAD358-93CB-400B-8FEF-A7F05C999C94">
        <omgdi:waypoint x="1000.6352709765852" y="515.1147216287136"></omgdi:waypoint>
        <omgdi:waypoint x="1000.0" y="405.0"></omgdi:waypoint>
        <omgdi:waypoint x="875.7499926052989" y="405.0"></omgdi:waypoint>
      </bpmndi:BPMNEdge>
      <bpmndi:BPMNEdge bpmnElement="sid-E88B8271-6F88-45D5-A868-6B5A0C75C19E" id="BPMNEdge_sid-E88B8271-6F88-45D5-A868-6B5A0C75C19E">
        <omgdi:waypoint x="2715.7499926052988" y="215.0"></omgdi:waypoint>
        <omgdi:waypoint x="2715.7499926052988" y="255.0"></omgdi:waypoint>
      </bpmndi:BPMNEdge>
      <bpmndi:BPMNEdge bpmnElement="sid-F1A487B3-8C97-444B-8454-58CA03A7B533" id="BPMNEdge_sid-F1A487B3-8C97-444B-8454-58CA03A7B533">
        <omgdi:waypoint x="3290.788381454513" y="500.0383888492142"></omgdi:waypoint>
        <omgdi:waypoint x="3291.0" y="390.0"></omgdi:waypoint>
        <omgdi:waypoint x="3165.0" y="390.0"></omgdi:waypoint>
      </bpmndi:BPMNEdge>
      <bpmndi:BPMNEdge bpmnElement="sid-E15505EC-53E2-4B99-982B-E61520048D55" id="BPMNEdge_sid-E15505EC-53E2-4B99-982B-E61520048D55">
        <omgdi:waypoint x="1755.5815508746414" y="411.0394478366783"></omgdi:waypoint>
        <omgdi:waypoint x="1755.5815508746414" y="486.0394478366783"></omgdi:waypoint>
      </bpmndi:BPMNEdge>
      <bpmndi:BPMNEdge bpmnElement="sid-0843536A-ADC6-4A84-A6B9-CFACB2CF1B75" id="BPMNEdge_sid-0843536A-ADC6-4A84-A6B9-CFACB2CF1B75">
        <omgdi:waypoint x="2695.7499926052988" y="275.0"></omgdi:waypoint>
        <omgdi:waypoint x="1755.0" y="275.0"></omgdi:waypoint>
        <omgdi:waypoint x="1755.5094821186206" y="381.0396209678639"></omgdi:waypoint>
      </bpmndi:BPMNEdge>
      <bpmndi:BPMNEdge bpmnElement="sid-9B976B89-1AE1-44E4-82C7-E9CE61EB7CFB" id="BPMNEdge_sid-9B976B89-1AE1-44E4-82C7-E9CE61EB7CFB">
        <omgdi:waypoint x="3975.4235145948483" y="755.0"></omgdi:waypoint>
        <omgdi:waypoint x="3975.1142634977505" y="792.8893631054677"></omgdi:waypoint>
      </bpmndi:BPMNEdge>
      <bpmndi:BPMNEdge bpmnElement="sid-B5828A84-D1BA-4557-B6B2-622134AAF150" id="BPMNEdge_sid-B5828A84-D1BA-4557-B6B2-622134AAF150">
        <omgdi:waypoint x="3451.0" y="520.0"></omgdi:waypoint>
        <omgdi:waypoint x="3520.7499926052988" y="520.0"></omgdi:waypoint>
      </bpmndi:BPMNEdge>
      <bpmndi:BPMNEdge bpmnElement="sid-7CD1C0BA-600C-48E1-8A68-2F4C93FE5F76" id="BPMNEdge_sid-7CD1C0BA-600C-48E1-8A68-2F4C93FE5F76">
        <omgdi:waypoint x="1895.478202730446" y="545.9360996924828"></omgdi:waypoint>
        <omgdi:waypoint x="1895.0" y="638.0"></omgdi:waypoint>
        <omgdi:waypoint x="1619.0" y="642.0"></omgdi:waypoint>
        <omgdi:waypoint x="1620.1535857413876" y="541.5384260539445"></omgdi:waypoint>
      </bpmndi:BPMNEdge>
      <bpmndi:BPMNEdge bpmnElement="sid-28A539EF-7FE6-4F19-812F-54E519BB1FBB" id="BPMNEdge_sid-28A539EF-7FE6-4F19-812F-54E519BB1FBB">
        <omgdi:waypoint x="440.74999260529887" y="539.5973701442215"></omgdi:waypoint>
        <omgdi:waypoint x="510.74999260529887" y="539.5973701442215"></omgdi:waypoint>
      </bpmndi:BPMNEdge>
      <bpmndi:BPMNEdge bpmnElement="sid-DD551D72-0B22-444F-8305-9D178B4A5A81" id="BPMNEdge_sid-DD551D72-0B22-444F-8305-9D178B4A5A81">
        <omgdi:waypoint x="2855.793004627458" y="539.9569879778412"></omgdi:waypoint>
        <omgdi:waypoint x="2856.0" y="636.0"></omgdi:waypoint>
        <omgdi:waypoint x="2580.0" y="636.0"></omgdi:waypoint>
        <omgdi:waypoint x="2580.433190275801" y="535.4998560141942"></omgdi:waypoint>
      </bpmndi:BPMNEdge>
      <bpmndi:BPMNEdge bpmnElement="sid-CF48EC4F-E777-4D3E-987C-0370CBF97E79" id="BPMNEdge_sid-CF48EC4F-E777-4D3E-987C-0370CBF97E79">
        <omgdi:waypoint x="3620.7499926052988" y="520.0"></omgdi:waypoint>
        <omgdi:waypoint x="3690.7499926052988" y="520.0"></omgdi:waypoint>
      </bpmndi:BPMNEdge>
      <bpmndi:BPMNEdge bpmnElement="sid-142877A2-0059-4DAE-A861-077EFEBF7E8B" id="BPMNEdge_sid-142877A2-0059-4DAE-A861-077EFEBF7E8B">
        <omgdi:waypoint x="2255.0" y="405.0"></omgdi:waypoint>
        <omgdi:waypoint x="2255.0" y="480.0"></omgdi:waypoint>
      </bpmndi:BPMNEdge>
      <bpmndi:BPMNEdge bpmnElement="sid-DBEB3F1A-C946-4353-94ED-C86EDE475194" id="BPMNEdge_sid-DBEB3F1A-C946-4353-94ED-C86EDE475194">
        <omgdi:waypoint x="271.0" y="539.5973701442215"></omgdi:waypoint>
        <omgdi:waypoint x="340.74999260529887" y="539.5973701442215"></omgdi:waypoint>
      </bpmndi:BPMNEdge>
      <bpmndi:BPMNEdge bpmnElement="sid-59A57127-1C98-492F-9639-82584A6E6696" id="BPMNEdge_sid-59A57127-1C98-492F-9639-82584A6E6696">
        <omgdi:waypoint x="2145.2500073947012" y="520.0"></omgdi:waypoint>
        <omgdi:waypoint x="2205.0" y="520.0"></omgdi:waypoint>
      </bpmndi:BPMNEdge>
      <bpmndi:BPMNEdge bpmnElement="sid-AF5D5A46-0DEE-4678-85C4-C5A6CDEBC478" id="BPMNEdge_sid-AF5D5A46-0DEE-4678-85C4-C5A6CDEBC478">
        <omgdi:waypoint x="1425.492912236665" y="510.7254566188761"></omgdi:waypoint>
        <omgdi:waypoint x="1425.0" y="400.0"></omgdi:waypoint>
        <omgdi:waypoint x="1300.5813943997684" y="400.5683035903911"></omgdi:waypoint>
      </bpmndi:BPMNEdge>
    </bpmndi:BPMNPlane>
  </bpmndi:BPMNDiagram>
</definitions>