<?xml version="1.0" encoding="UTF-8"?>
<definitions xmlns="http://www.omg.org/spec/BPMN/20100524/MODEL" xmlns:xsi="http://www.w3.org/2001/XMLSchema-instance" xmlns:xsd="http://www.w3.org/2001/XMLSchema" xmlns:activiti="http://activiti.org/bpmn" xmlns:bpmndi="http://www.omg.org/spec/BPMN/20100524/DI" xmlns:omgdc="http://www.omg.org/spec/DD/20100524/DC" xmlns:omgdi="http://www.omg.org/spec/DD/20100524/DI" typeLanguage="http://www.w3.org/2001/XMLSchema" expressionLanguage="http://www.w3.org/1999/XPath" targetNamespace="http://www.activiti.org/processdef">
  <signal id="WF_919_26_Activity_Complete" name="WF_919_26_Activity_Complete" activiti:scope="global"></signal>
  <signal id="WF_914_16_Activity_Complete" name="WF_914_16_Activity_Complete" activiti:scope="global"></signal>
  <signal id="WF_915_18_Activity_Complete" name="WF_915_18_Activity_Complete" activiti:scope="global"></signal>
  <signal id="WF_930_20_Activity_Complete" name="WF_930_20_Activity_Complete" activiti:scope="global"></signal>
  <signal id="WF_936_8_Activity_Complete" name="WF_936_8_Activity_Complete" activiti:scope="global"></signal>
  <signal id="WF_933_6_Activity_Complete" name="WF_933_6_Activity_Complete" activiti:scope="global"></signal>
  <signal id="WF_935_12_Activity_Complete" name="WF_935_12_Activity_Complete" activiti:scope="global"></signal>
  <signal id="WF_938_10_Activity_Complete" name="WF_938_10_Activity_Complete" activiti:scope="global"></signal>
  <signal id="WF_940_23_Activity_Complete" name="WF_940_23_Activity_Complete" activiti:scope="global"></signal>
  <signal id="WF_916_35_Activity_Complete" name="WF_916_35_Activity_Complete" activiti:scope="global"></signal>
  <process id="WF_20000_9490344556" name="20000_9490344556" isExecutable="true">
    <startEvent id="WF_20000_9490344556_startEvent"></startEvent>
    <sequenceFlow id="start_20000_9490344556" sourceRef="WF_20000_9490344556_startEvent" targetRef="WF_20000_9490344556_9490344558_207_3"></sequenceFlow>
    <serviceTask id="WF_20000_9490344556_9490344558_207_3" name="Set Order Status = Accepted(207-3)" activiti:async="true" activiti:delegateExpression="${setOrderAccepted}"></serviceTask>
    <serviceTask id="WF_20000_9490344556_9490344559_932_4" name="Is Customer Move?(932-4)" activiti:async="true" activiti:delegateExpression="${isCustomerChangeFlow}"></serviceTask>
    <serviceTask id="WF_20000_9490344556_9490344560_933_6" name="Create disconnect orders (933-6)" activiti:async="true" activiti:delegateExpression="${parentTransCoordTriggerActivity}"></serviceTask>
    <serviceTask id="WF_20000_9490344556_9490344572_935_12" name="Cust Move - Remove ANI In Mediation (935-12)" activiti:async="true" activiti:delegateExpression="${custMoveANIRemoveMediationActivity}"></serviceTask>
    <exclusiveGateway id="OR_WF_20000_9490344556_51_11"></exclusiveGateway>
    <serviceTask id="WF_20000_9490344556_51_11" name="Artificial OR Condition(51-11)" activiti:async="true" activiti:delegateExpression="${genericActivity}"></serviceTask>
    <serviceTask id="WF_20000_9490344556_9490344578_913_14" name="Load ANI to NUMS(913-14)" activiti:async="true" activiti:delegateExpression="${loadANItoNUMSActivity}"></serviceTask>
    <serviceTask id="WF_20000_9490344556_9490344581_914_16" name="Update Voice Inventory - 1S(914-16)" activiti:async="true" activiti:delegateExpression="${parentTransCoordTriggerActivity}"></serviceTask>
    <serviceTask id="WF_20000_9490344556_9490344582_234_17" name="Set Supp Allowed Flag = &quot;None&quot;(234-17)" activiti:async="true" activiti:delegateExpression="${setSuppFlagNoneActivity}"></serviceTask>
    <serviceTask id="WF_20000_9490344556_9490344583_915_18" name="Activate TN on EFS (NPAL)(915-18)" activiti:async="true" activiti:delegateExpression="${parentTransCoordTriggerActivity}"></serviceTask>
    <parallelGateway id="PARALLEL_WF_20000_9490344556_9490344582_234_17"></parallelGateway>
    <serviceTask id="WF_20000_9490344556_9490344593_919_26" name="Trigger Mediation(919-26)" activiti:async="true" activiti:delegateExpression="${ldTriggerMediationActivity}"></serviceTask>
    <serviceTask id="WF_20000_9490344556_9490344599_200_30" name="Set Order Status = Installed(200-30)" activiti:async="true" activiti:delegateExpression="${orderInstalled}"></serviceTask>
    <serviceTask id="WF_20000_9490344556_9490344600_299_31" name="Set TN Status to Assigned(299-31)" activiti:async="true" activiti:delegateExpression="${setTNStatusAssignedActivity}"></serviceTask>
    <inclusiveGateway id="AND_WF_20000_9490344556_50_39"></inclusiveGateway>
    <serviceTask id="WF_20000_9490344556_50_39" name="Artificial AND Condition(50-39)" activiti:async="true" activiti:delegateExpression="${genericActivity}"></serviceTask>
    <serviceTask id="WF_20000_9490344556_9490344614_-1_-1" name="END(-1--1)" activiti:async="true" activiti:delegateExpression="${dummyActivity}"></serviceTask>
    <serviceTask id="WF_20000_9490344556_9490344606_916_35" name="Send to LEC(916-35)" activiti:async="true" activiti:delegateExpression="${sendToLECActivity}"></serviceTask>
    <serviceTask id="WF_20000_9490344556_9490344605_917_34" name="Is PIC Provisioning Flow(917-34)" activiti:async="true" activiti:delegateExpression="${isPicProvisioningFlow}"></serviceTask>
    <exclusiveGateway id="OR_WF_20000_9490344556_51_36"></exclusiveGateway>
    <serviceTask id="WF_20000_9490344556_51_36" name="Artificial OR Condition(51-36)" activiti:async="true" activiti:delegateExpression="${genericActivity}"></serviceTask>
    <intermediateCatchEvent id="WF_919_26_Activity_Signal">
      <signalEventDefinition signalRef="WF_919_26_Activity_Complete"></signalEventDefinition>
    </intermediateCatchEvent>
    <intermediateCatchEvent id="WF_914_16_Activity_Signal">
      <signalEventDefinition signalRef="WF_914_16_Activity_Complete"></signalEventDefinition>
    </intermediateCatchEvent>
    <serviceTask id="WF_20000_9490344556_9490344613_918_45" name="Voice Order Status = Completed(918-45)" activiti:async="true" activiti:delegateExpression="${voiceOrderStatusUpdate}"></serviceTask>
    <serviceTask id="WF_20000_9490344556_9490344577_927_13" name="Check If Nums call needed? (927-13)" activiti:async="true" activiti:delegateExpression="${isBANPoChange}"></serviceTask>
    <exclusiveGateway id="OR_WF_20000_9490344556_51_15"></exclusiveGateway>
    <serviceTask id="WF_20000_9490344556_9490344592_941_25" name="Check if mediation call needed? (941-25)" activiti:async="true" activiti:delegateExpression="${isMediationRequired}"></serviceTask>
    <exclusiveGateway id="OR_WF_20000_9490344556_51_27"></exclusiveGateway>
    <serviceTask id="WF_20000_9490344556_9490344598_926_28" name="Is Change Flow? (926-28)" activiti:async="true" activiti:delegateExpression="${isChangeFlow}"></serviceTask>
    <exclusiveGateway id="OR_WF_20000_9490344556_51_33"></exclusiveGateway>
    <serviceTask id="WF_20000_9490344556_51_15" name="Artificial OR Condition(51-15)" activiti:async="true" activiti:delegateExpression="${genericActivity}"></serviceTask>
    <serviceTask id="WF_20000_9490344556_51_27" name="Artificial OR Condition(51-27)" activiti:async="true" activiti:delegateExpression="${genericActivity}"></serviceTask>
    <serviceTask id="WF_20000_9490344556_51_33" name="Artificial OR Condition(51-33)" activiti:async="true" activiti:delegateExpression="${genericActivity}"></serviceTask>
    <intermediateCatchEvent id="WF_915_18_Activity_Signal">
      <signalEventDefinition signalRef="WF_915_18_Activity_Complete"></signalEventDefinition>
    </intermediateCatchEvent>
    <serviceTask id="WF_20000_9490344556_9490344612_202_42" name="Status = Completed(202-42)" activiti:async="true" activiti:delegateExpression="${orderCompleted}"></serviceTask>
    <sequenceFlow id="WF_20000_9490344556_9490344558_207_3_WF_20000_9490344556_9490344559_143_6" sourceRef="WF_20000_9490344556_9490344558_207_3" targetRef="WF_20000_9490344556_9490344559_932_4"></sequenceFlow>
    <sequenceFlow id="sid-34FCA1D5-4146-43EB-8179-B49EE40CAD59" sourceRef="WF_914_16_Activity_Signal" targetRef="WF_20000_9490344556_9490344582_234_17"></sequenceFlow>
    <sequenceFlow id="PARALLEL_WF_20000_9490344556_9490344582_234_17_WF_20000_9490344556_9490344583_915_18" sourceRef="WF_20000_9490344556_9490344582_234_17" targetRef="PARALLEL_WF_20000_9490344556_9490344582_234_17"></sequenceFlow>
    <sequenceFlow id="WF_20000_9490344556_9490344582_234_17_WF_20000_9490344556_9490344605_917_34" sourceRef="PARALLEL_WF_20000_9490344556_9490344582_234_17" targetRef="WF_20000_9490344556_9490344605_917_34"></sequenceFlow>
    <sequenceFlow id="WF_20000_9490344556_9490344599_200_30_WF_20000_9490344556_9490344600_299_31" sourceRef="WF_20000_9490344556_9490344599_200_30" targetRef="WF_20000_9490344556_9490344600_299_31"></sequenceFlow>
    <sequenceFlow id="seq_AND_WF_20000_9490344556_9490344609_50_39" sourceRef="AND_WF_20000_9490344556_50_39" targetRef="WF_20000_9490344556_50_39"></sequenceFlow>
    <sequenceFlow id="WF_20000_9490344556_50_39_WF_20000_9490344556_9490344613_918_45" sourceRef="WF_20000_9490344556_50_39" targetRef="WF_20000_9490344556_9490344613_918_45"></sequenceFlow>
    <sequenceFlow id="WF_20000_9490344556_9490344613_918_45_WF_20000_9490344556_9490344614_-1_-1" sourceRef="WF_20000_9490344556_9490344613_918_45" targetRef="WF_20000_9490344556_9490344614_-1_-1"></sequenceFlow>
    <serviceTask id="WF_20000_9490344556_9490344584_929_19" name="Check if EFS call needed? (929-19)" activiti:async="true" activiti:delegateExpression="${isEFSRequired}"></serviceTask>
    <serviceTask id="WF_20000_9490344556_9490344585_930_20" name="Trigger EFS (930-20)" activiti:async="true" activiti:delegateExpression="${provisionAccountCode}"></serviceTask>
    <exclusiveGateway id="OR_WF_20000_9490344556_51_21"></exclusiveGateway>
    <intermediateCatchEvent id="WF_930_20_Activity_Signal">
      <signalEventDefinition signalRef="WF_930_20_Activity_Complete"></signalEventDefinition>
    </intermediateCatchEvent>
    <sequenceFlow id="WF_20000_9490344556_9490344581_914_16_WF_20000_9490344556_9490344582_234_17" sourceRef="WF_20000_9490344556_9490344581_914_16" targetRef="WF_914_16_Activity_Signal"></sequenceFlow>
    <serviceTask id="WF_20000_9490344556_51_21" name="Artificial OR Condition(51-21)" activiti:async="true" activiti:delegateExpression="${genericActivity}"></serviceTask>
    <sequenceFlow id="WF_20000_9490344556_9490344582_234_17_WF_20000_9490344556_9490344583_915_18" sourceRef="PARALLEL_WF_20000_9490344556_9490344582_234_17" targetRef="WF_20000_9490344556_9490344583_915_18"></sequenceFlow>
    <sequenceFlow id="WF_20000_9490344556_9490344598_926_28_WF_20000_9490344556_9490344599_200_30" sourceRef="WF_20000_9490344556_9490344598_926_28" targetRef="WF_20000_9490344556_9490344599_200_30">
      <conditionExpression xsi:type="tFormalExpression"><![CDATA[${WF_20000_9490344556_9490344598_926_28.equals("F")}]]></conditionExpression>
    </sequenceFlow>
    <sequenceFlow id="seq1_OR_WF_20000_9490344556_9490344603_51_33" sourceRef="WF_20000_9490344556_9490344600_299_31" targetRef="OR_WF_20000_9490344556_51_33"></sequenceFlow>
    <sequenceFlow id="seq1_OR_WF_20000_9490344556_9490344602_51_33" sourceRef="WF_20000_9490344556_9490344598_926_28" targetRef="OR_WF_20000_9490344556_51_33">
      <conditionExpression xsi:type="tFormalExpression"><![CDATA[${WF_20000_9490344556_9490344598_926_28.equals("T")}]]></conditionExpression>
    </sequenceFlow>
    <sequenceFlow id="seq_OR_WF_20000_9490344556_9490344603_51_33" sourceRef="OR_WF_20000_9490344556_51_33" targetRef="WF_20000_9490344556_51_33"></sequenceFlow>
    <sequenceFlow id="seq1_OR_WF_20000_9490344556_9490344580_51_15" sourceRef="WF_20000_9490344556_9490344578_913_14" targetRef="OR_WF_20000_9490344556_51_15"></sequenceFlow>
    <sequenceFlow id="seq_OR_WF_20000_9490344556_9490344580_51_15" sourceRef="OR_WF_20000_9490344556_51_15" targetRef="WF_20000_9490344556_51_15"></sequenceFlow>
    <sequenceFlow id="WF_20000_9490344556_9490344577_927_13_WF_20000_9490344556_9490344578_913_14" sourceRef="WF_20000_9490344556_9490344577_927_13" targetRef="WF_20000_9490344556_9490344578_913_14">
      <conditionExpression xsi:type="tFormalExpression"><![CDATA[${WF_20000_9490344556_9490344577_927_13.equals("T")}]]></conditionExpression>
    </sequenceFlow>
    <sequenceFlow id="WF_20000_9490344556_9490344605_917_34_WF_20000_9490344556_9490344606_916_35" sourceRef="WF_20000_9490344556_9490344605_917_34" targetRef="WF_20000_9490344556_9490344606_916_35">
      <conditionExpression xsi:type="tFormalExpression"><![CDATA[${WF_20000_9490344556_9490344605_917_34.equals("T")}]]></conditionExpression>
    </sequenceFlow>
    <sequenceFlow id="seq1_OR_WF_20000_9490344556_9490344607_51_36" sourceRef="WF_20000_9490344556_9490344605_917_34" targetRef="OR_WF_20000_9490344556_51_36">
      <conditionExpression xsi:type="tFormalExpression"><![CDATA[${WF_20000_9490344556_9490344605_917_34.equals("F")}]]></conditionExpression>
    </sequenceFlow>
    <intermediateCatchEvent id="WF_935_12_Activity_Signal">
      <signalEventDefinition signalRef="WF_935_12_Activity_Complete"></signalEventDefinition>
    </intermediateCatchEvent>
    <intermediateCatchEvent id="WF_933_6_Activity_Signal">
      <signalEventDefinition signalRef="WF_933_6_Activity_Complete"></signalEventDefinition>
    </intermediateCatchEvent>
    <sequenceFlow id="WF_20000_9490344556_9490344583_915_18_WF_20000_9490344556_9490344584_929_19" sourceRef="WF_20000_9490344556_9490344583_915_18" targetRef="WF_915_18_Activity_Signal"></sequenceFlow>
    <sequenceFlow id="sid-BDF35B4D-38DD-4310-9D4C-1CCA93003A6E" sourceRef="WF_915_18_Activity_Signal" targetRef="WF_20000_9490344556_9490344584_929_19"></sequenceFlow>
    <serviceTask id="WF_20000_9490344556_9490344562_934_7" name="Cust Move - Remove ANI In NUMS(934-7)" activiti:async="true" activiti:delegateExpression="${custMoveANIRemoveNUMSActivity}"></serviceTask>
    <serviceTask id="WF_20000_9490344556_9490344563_936_8" name="Cust Move - Remove Ani in PRO (936-8)" activiti:async="true" activiti:delegateExpression="${parentTransCoordTriggerActivity}"></serviceTask>
    <intermediateCatchEvent id="WF_936_8_Activity_Signal">
      <signalEventDefinition signalRef="WF_936_8_Activity_Complete"></signalEventDefinition>
    </intermediateCatchEvent>
    <serviceTask id="WF_20000_9490344556_9490344567_938_10" name="Cust Move - Remove ANI in EFS  (938-10)" activiti:async="true" activiti:delegateExpression="${custMoveANIRemoveEFSActivity}"></serviceTask>
    <exclusiveGateway id="OR_WF_20000_9490344556_51_5"></exclusiveGateway>
    <intermediateCatchEvent id="WF_938_10_Activity_Signal">
      <signalEventDefinition signalRef="WF_938_10_Activity_Complete"></signalEventDefinition>
    </intermediateCatchEvent>
    <serviceTask id="WF_20000_9490344556_9490344564_937_9" name="Check if EFS call needed? (937-9)" activiti:async="true" activiti:delegateExpression="${custMoveIsEFSRequiredActivity}"></serviceTask>
    <serviceTask id="WF_20000_9490344556_51_5" name="Artificial OR Condition(51-5)" activiti:async="true" activiti:delegateExpression="${genericActivity}"></serviceTask>
    <sequenceFlow id="sid-1410A020-E750-421A-A97D-9D9EB2F5F4E7" sourceRef="WF_933_6_Activity_Signal" targetRef="WF_20000_9490344556_9490344562_934_7"></sequenceFlow>
    <sequenceFlow id="WF_20000_9490344556_9490344560_933_6_WF_20000_9490344556_9490344562_934_7" sourceRef="WF_20000_9490344556_9490344560_933_6" targetRef="WF_933_6_Activity_Signal"></sequenceFlow>
    <sequenceFlow id="WF_20000_9490344556_9490344562_934_7_WF_20000_9490344556_9490344563_936_8" sourceRef="WF_20000_9490344556_9490344562_934_7" targetRef="WF_20000_9490344556_9490344563_936_8"></sequenceFlow>
    <sequenceFlow id="WF_20000_9490344556_9490344563_936_8_WF_20000_9490344556_9490344564_937_9" sourceRef="WF_20000_9490344556_9490344563_936_8" targetRef="WF_936_8_Activity_Signal"></sequenceFlow>
    <sequenceFlow id="sid-2AFD04D7-0650-4DDA-AA98-09DDDF74D8E9" sourceRef="WF_936_8_Activity_Signal" targetRef="WF_20000_9490344556_9490344564_937_9"></sequenceFlow>
    <sequenceFlow id="seq1_OR_WF_20000_9490344556_9490344586_51_21" sourceRef="WF_20000_9490344556_9490344584_929_19" targetRef="OR_WF_20000_9490344556_51_21">
      <conditionExpression xsi:type="tFormalExpression"><![CDATA[${WF_20000_9490344556_9490344584_929_19.equals("F")}]]></conditionExpression>
    </sequenceFlow>
    <sequenceFlow id="WF_20000_9490344556_9490344584_929_19_WF_20000_9490344556_9490344585_930_20" sourceRef="WF_20000_9490344556_9490344584_929_19" targetRef="WF_20000_9490344556_9490344585_930_20">
      <conditionExpression xsi:type="tFormalExpression"><![CDATA[${WF_20000_9490344556_9490344584_929_19.equals("T")}]]></conditionExpression>
    </sequenceFlow>
    <sequenceFlow id="seq_OR_WF_20000_9490344556_9490344587_51_21" sourceRef="OR_WF_20000_9490344556_51_21" targetRef="WF_20000_9490344556_51_21"></sequenceFlow>
    <sequenceFlow id="seq1_OR_WF_20000_9490344556_9490344587_51_21" sourceRef="WF_930_20_Activity_Signal" targetRef="OR_WF_20000_9490344556_51_21"></sequenceFlow>
    <sequenceFlow id="seq1_OR_WF_20000_9490344556_9490344579_51_15" sourceRef="WF_20000_9490344556_9490344577_927_13" targetRef="OR_WF_20000_9490344556_51_15">
      <conditionExpression xsi:type="tFormalExpression"><![CDATA[${WF_20000_9490344556_9490344577_927_13.equals("F")}]]></conditionExpression>
    </sequenceFlow>
    <sequenceFlow id="WF_20000_9490344556_9490344559_932_4_WF_20000_9490344556_9490344560_933_6" sourceRef="WF_20000_9490344556_9490344559_932_4" targetRef="WF_20000_9490344556_9490344560_933_6">
      <conditionExpression xsi:type="tFormalExpression"><![CDATA[${WF_20000_9490344556_9490344559_932_4.equals("T")}]]></conditionExpression>
    </sequenceFlow>
    <sequenceFlow id="seq_OR_WF_20000_9490344556_9490344570_51_11" sourceRef="OR_WF_20000_9490344556_51_11" targetRef="WF_20000_9490344556_51_11"></sequenceFlow>
    <serviceTask id="WF_20000_9490344556_9490344589_940_23" name="BAN Change - Remove ANI in Mediation (940-23)" activiti:async="true" activiti:delegateExpression="${custMoveANIRemoveMediationActivity}"></serviceTask>
    <intermediateCatchEvent id="WF_940_23_Activity_Signal">
      <signalEventDefinition signalRef="WF_940_23_Activity_Complete"></signalEventDefinition>
    </intermediateCatchEvent>
    <serviceTask id="WF_20000_9490344556_9490344588_939_22" name="Is BAN change? (939-22)" activiti:async="true" activiti:delegateExpression="${isBANChange}"></serviceTask>
    <exclusiveGateway id="OR_WF_20000_9490344556_51_24"></exclusiveGateway>
    <sequenceFlow id="WF_20000_9490344556_51_21_WF_20000_9490344556_9490344588_939_22" sourceRef="WF_20000_9490344556_51_21" targetRef="WF_20000_9490344556_9490344588_939_22"></sequenceFlow>
    <sequenceFlow id="WF_20000_9490344556_9490344588_939_22_WF_20000_9490344556_9490344589_940_23" sourceRef="WF_20000_9490344556_9490344588_939_22" targetRef="WF_20000_9490344556_9490344589_940_23">
      <conditionExpression xsi:type="tFormalExpression"><![CDATA[${WF_20000_9490344556_9490344588_939_22.equals("T")}]]></conditionExpression>
    </sequenceFlow>
    <sequenceFlow id="seq1_OR_WF_20000_9490344556_9490344590_51_24" sourceRef="WF_20000_9490344556_9490344588_939_22" targetRef="OR_WF_20000_9490344556_51_24">
      <conditionExpression xsi:type="tFormalExpression"><![CDATA[${WF_20000_9490344556_9490344588_939_22.equals("F")}]]></conditionExpression>
    </sequenceFlow>
    <serviceTask id="WF_20000_9490344556_51_24" name="Artificial OR Condition(51-24)" activiti:async="true" activiti:delegateExpression="${genericActivity}"></serviceTask>
    <sequenceFlow id="seq1_OR_WF_20000_9490344556_9490344597_51_27" sourceRef="WF_919_26_Activity_Signal" targetRef="OR_WF_20000_9490344556_51_27"></sequenceFlow>
    <sequenceFlow id="seq_OR_WF_20000_9490344556_9490344597_51_27" sourceRef="OR_WF_20000_9490344556_51_27" targetRef="WF_20000_9490344556_51_27"></sequenceFlow>
    <sequenceFlow id="seq_OR_WF_20000_9490344556_9490344591_51_24" sourceRef="OR_WF_20000_9490344556_51_24" targetRef="WF_20000_9490344556_51_24"></sequenceFlow>
    <sequenceFlow id="WF_20000_9490344556_51_27_WF_20000_9490344556_9490344598_926_28" sourceRef="WF_20000_9490344556_51_27" targetRef="WF_20000_9490344556_9490344598_926_28"></sequenceFlow>
    <sequenceFlow id="seq1_OR_WF_20000_9490344556_9490344595_51_27" sourceRef="WF_20000_9490344556_9490344592_941_25" targetRef="OR_WF_20000_9490344556_51_27">
      <conditionExpression xsi:type="tFormalExpression"><![CDATA[${WF_20000_9490344556_9490344592_941_25.equals("F")}]]></conditionExpression>
    </sequenceFlow>
    <sequenceFlow id="WF_20000_9490344556_9490344593_919_26_WF_20000_9490344556_51_27" sourceRef="WF_20000_9490344556_9490344593_919_26" targetRef="WF_919_26_Activity_Signal"></sequenceFlow>
    <sequenceFlow id="WF_20000_9490344556_9490344592_941_25_WF_20000_9490344556_9490344593_919_26" sourceRef="WF_20000_9490344556_9490344592_941_25" targetRef="WF_20000_9490344556_9490344593_919_26">
      <conditionExpression xsi:type="tFormalExpression"><![CDATA[${WF_20000_9490344556_9490344592_941_25.equals("T")}]]></conditionExpression>
    </sequenceFlow>
    <sequenceFlow id="WF_20000_9490344556_51_24_WF_20000_9490344556_9490344592_941_25" sourceRef="WF_20000_9490344556_51_24" targetRef="WF_20000_9490344556_9490344592_941_25"></sequenceFlow>
    <serviceTask id="WF_20000_9490344556_9490344571_942_46" name="Check if mediation call needed? (942-46)" activiti:async="true" activiti:delegateExpression="${custMoveIsRatePlanPresentActivity}"></serviceTask>
    <exclusiveGateway id="OR_WF_20000_9490344556_51_47"></exclusiveGateway>
    <serviceTask id="WF_20000_9490344556_51_47" name="Artificial OR Condition(51-47)" activiti:async="true" activiti:delegateExpression="${genericActivity}"></serviceTask>
    <sequenceFlow id="seq1_OR_WF_20000_9490344556_9490344569_51_11" sourceRef="WF_20000_9490344556_9490344559_932_4" targetRef="OR_WF_20000_9490344556_51_11">
      <conditionExpression xsi:type="tFormalExpression"><![CDATA[${WF_20000_9490344556_9490344559_932_4.equals("F")}]]></conditionExpression>
    </sequenceFlow>
    <sequenceFlow id="WF_20000_9490344556_51_11_WF_20000_9490344556_9490344577_927_13" sourceRef="WF_20000_9490344556_51_11" targetRef="WF_20000_9490344556_9490344577_927_13"></sequenceFlow>
    <sequenceFlow id="seq1_OR_WF_20000_9490344556_9490344570_51_11" sourceRef="WF_20000_9490344556_51_47" targetRef="OR_WF_20000_9490344556_51_11"></sequenceFlow>
    <sequenceFlow id="WF_20000_9490344556_51_5_WF_20000_9490344556_9490344571_942_46" sourceRef="WF_20000_9490344556_51_5" targetRef="WF_20000_9490344556_9490344571_942_46"></sequenceFlow>
    <sequenceFlow id="WF_20000_9490344556_51_15_WF_20000_9490344556_9490344581_914_16" sourceRef="WF_20000_9490344556_51_15" targetRef="WF_20000_9490344556_9490344581_914_16"></sequenceFlow>
    <sequenceFlow id="seq1_AND_WF_20000_9490344556_9490344609_50_39" sourceRef="WF_20000_9490344556_9490344612_202_42" targetRef="AND_WF_20000_9490344556_50_39"></sequenceFlow>
    <sequenceFlow id="WF_20000_9490344556_51_33_WF_20000_9490344556_9490344612_202_42" sourceRef="WF_20000_9490344556_51_33" targetRef="WF_20000_9490344556_9490344612_202_42"></sequenceFlow>
    <sequenceFlow id="WF_20000_9490344556_9490344564_937_9_WF_20000_9490344556_9490344567_938_10" sourceRef="WF_20000_9490344556_9490344564_937_9" targetRef="WF_20000_9490344556_9490344567_938_10">
      <conditionExpression xsi:type="tFormalExpression"><![CDATA[${WF_20000_9490344556_9490344564_937_9.equals("T")}]]></conditionExpression>
    </sequenceFlow>
    <sequenceFlow id="WF_20000_9490344556_9490344567_938_10_WF_20000_9490344556_51_5" sourceRef="WF_20000_9490344556_9490344567_938_10" targetRef="WF_938_10_Activity_Signal"></sequenceFlow>
    <sequenceFlow id="seq1_OR_WF_20000_9490344556_9490344576_51_5" sourceRef="WF_938_10_Activity_Signal" targetRef="OR_WF_20000_9490344556_51_5"></sequenceFlow>
    <sequenceFlow id="seq_OR_WF_20000_9490344556_9490344576_51_5" sourceRef="OR_WF_20000_9490344556_51_5" targetRef="WF_20000_9490344556_51_5"></sequenceFlow>
    <sequenceFlow id="seq1_OR_WF_20000_9490344556_9490344575_51_5" sourceRef="WF_20000_9490344556_9490344564_937_9" targetRef="OR_WF_20000_9490344556_51_5">
      <conditionExpression xsi:type="tFormalExpression"><![CDATA[${WF_20000_9490344556_9490344564_937_9.equals("F")}]]></conditionExpression>
    </sequenceFlow>
    <sequenceFlow id="seq1_OR_WF_20000_9490344556_9490344573_51_47" sourceRef="WF_20000_9490344556_9490344571_942_46" targetRef="OR_WF_20000_9490344556_51_47">
      <conditionExpression xsi:type="tFormalExpression"><![CDATA[${WF_20000_9490344556_9490344571_942_46.equals("F")}]]></conditionExpression>
    </sequenceFlow>
    <sequenceFlow id="WF_20000_9490344556_9490344571_942_46_WF_20000_9490344556_9490344572_935_12" sourceRef="WF_20000_9490344556_9490344571_942_46" targetRef="WF_20000_9490344556_9490344572_935_12">
      <conditionExpression xsi:type="tFormalExpression"><![CDATA[${WF_20000_9490344556_9490344571_942_46.equals("T")}]]></conditionExpression>
    </sequenceFlow>
    <sequenceFlow id="WF_20000_9490344556_9490344572_935_12_WF_20000_9490344556_51_47" sourceRef="WF_20000_9490344556_9490344572_935_12" targetRef="WF_935_12_Activity_Signal"></sequenceFlow>
    <sequenceFlow id="seq1_OR_WF_20000_9490344556_9490344574_51_47" sourceRef="WF_935_12_Activity_Signal" targetRef="OR_WF_20000_9490344556_51_47"></sequenceFlow>
    <sequenceFlow id="seq_OR_WF_20000_9490344556_9490344574_51_47" sourceRef="OR_WF_20000_9490344556_51_47" targetRef="WF_20000_9490344556_51_47"></sequenceFlow>
    <intermediateCatchEvent id="WF_916_35_Activity_Signal">
      <signalEventDefinition signalRef="WF_916_35_Activity_Complete"></signalEventDefinition>
    </intermediateCatchEvent>
    <sequenceFlow id="seq1_OR_WF_20000_9490344556_9490344591_51_24" sourceRef="WF_940_23_Activity_Signal" targetRef="OR_WF_20000_9490344556_51_24"></sequenceFlow>
    <sequenceFlow id="WF_20000_9490344556_9490344589_940_23_WF_20000_9490344556_51_24" sourceRef="WF_20000_9490344556_9490344589_940_23" targetRef="WF_940_23_Activity_Signal"></sequenceFlow>
    <sequenceFlow id="seq_OR_WF_20000_9490344556_9490344608_51_36" sourceRef="OR_WF_20000_9490344556_51_36" targetRef="WF_20000_9490344556_51_36"></sequenceFlow>
    <sequenceFlow id="seq1_AND_WF_20000_9490344556_9490344611_50_39" sourceRef="WF_20000_9490344556_51_36" targetRef="AND_WF_20000_9490344556_50_39"></sequenceFlow>
    <sequenceFlow id="seq1_OR_WF_20000_9490344556_9490344608_51_36" sourceRef="WF_916_35_Activity_Signal" targetRef="OR_WF_20000_9490344556_51_36"></sequenceFlow>
    <sequenceFlow id="WF_20000_9490344556_9490344606_916_35_WF_20000_9490344556_51_36" sourceRef="WF_20000_9490344556_9490344606_916_35" targetRef="WF_916_35_Activity_Signal"></sequenceFlow>
    <sequenceFlow id="WF_20000_9490344556_9490344585_930_20_WF_20000_9490344556_51_21" sourceRef="WF_20000_9490344556_9490344585_930_20" targetRef="WF_930_20_Activity_Signal"></sequenceFlow>
  </process>
  <bpmndi:BPMNDiagram id="BPMNDiagram_WF_20000_9490344556">
    <bpmndi:BPMNPlane bpmnElement="WF_20000_9490344556" id="BPMNPlane_WF_20000_9490344556">
      <bpmndi:BPMNShape bpmnElement="WF_20000_9490344556_startEvent" id="BPMNShape_WF_20000_9490344556_startEvent">
        <omgdc:Bounds height="30.0" width="30.0" x="30.0" y="541.5000000000001"></omgdc:Bounds>
      </bpmndi:BPMNShape>
      <bpmndi:BPMNShape bpmnElement="WF_20000_9490344556_9490344558_207_3" id="BPMNShape_WF_20000_9490344556_9490344558_207_3">
        <omgdc:Bounds height="59.999999999999886" width="100.0" x="110.0" y="526.5000000000001"></omgdc:Bounds>
      </bpmndi:BPMNShape>
      <bpmndi:BPMNShape bpmnElement="WF_20000_9490344556_9490344559_932_4" id="BPMNShape_WF_20000_9490344556_9490344559_932_4">
        <omgdc:Bounds height="59.999999999999886" width="100.0" x="260.0" y="526.5000000000001"></omgdc:Bounds>
      </bpmndi:BPMNShape>
      <bpmndi:BPMNShape bpmnElement="WF_20000_9490344556_9490344560_933_6" id="BPMNShape_WF_20000_9490344556_9490344560_933_6">
        <omgdc:Bounds height="60.0" width="100.0" x="375.0" y="630.0000000000002"></omgdc:Bounds>
      </bpmndi:BPMNShape>
      <bpmndi:BPMNShape bpmnElement="WF_20000_9490344556_9490344572_935_12" id="BPMNShape_WF_20000_9490344556_9490344572_935_12">
        <omgdc:Bounds height="60.0" width="100.0" x="1185.0" y="795.0"></omgdc:Bounds>
      </bpmndi:BPMNShape>
      <bpmndi:BPMNShape bpmnElement="OR_WF_20000_9490344556_51_11" id="BPMNShape_OR_WF_20000_9490344556_51_11">
        <omgdc:Bounds height="40.0" width="40.0" x="1265.0" y="480.0"></omgdc:Bounds>
      </bpmndi:BPMNShape>
      <bpmndi:BPMNShape bpmnElement="WF_20000_9490344556_51_11" id="BPMNShape_WF_20000_9490344556_51_11">
        <omgdc:Bounds height="60.0" width="100.0" x="1355.0" y="470.0"></omgdc:Bounds>
      </bpmndi:BPMNShape>
      <bpmndi:BPMNShape bpmnElement="WF_20000_9490344556_9490344578_913_14" id="BPMNShape_WF_20000_9490344556_9490344578_913_14">
        <omgdc:Bounds height="60.0" width="100.0" x="1535.0" y="315.0"></omgdc:Bounds>
      </bpmndi:BPMNShape>
      <bpmndi:BPMNShape bpmnElement="WF_20000_9490344556_9490344581_914_16" id="BPMNShape_WF_20000_9490344556_9490344581_914_16">
        <omgdc:Bounds height="60.0" width="100.0" x="1760.0" y="526.5"></omgdc:Bounds>
      </bpmndi:BPMNShape>
      <bpmndi:BPMNShape bpmnElement="WF_20000_9490344556_9490344582_234_17" id="BPMNShape_WF_20000_9490344556_9490344582_234_17">
        <omgdc:Bounds height="60.0" width="100.0" x="1925.0" y="526.5"></omgdc:Bounds>
      </bpmndi:BPMNShape>
      <bpmndi:BPMNShape bpmnElement="WF_20000_9490344556_9490344583_915_18" id="BPMNShape_WF_20000_9490344556_9490344583_915_18">
        <omgdc:Bounds height="60.0" width="100.0" x="1947.5" y="750.0"></omgdc:Bounds>
      </bpmndi:BPMNShape>
      <bpmndi:BPMNShape bpmnElement="PARALLEL_WF_20000_9490344556_9490344582_234_17" id="BPMNShape_PARALLEL_WF_20000_9490344556_9490344582_234_17">
        <omgdc:Bounds height="40.0" width="40.0" x="2060.0" y="536.5"></omgdc:Bounds>
      </bpmndi:BPMNShape>
      <bpmndi:BPMNShape bpmnElement="WF_20000_9490344556_9490344593_919_26" id="BPMNShape_WF_20000_9490344556_9490344593_919_26">
        <omgdc:Bounds height="60.0" width="100.0" x="2295.0" y="1200.0"></omgdc:Bounds>
      </bpmndi:BPMNShape>
      <bpmndi:BPMNShape bpmnElement="WF_20000_9490344556_9490344599_200_30" id="BPMNShape_WF_20000_9490344556_9490344599_200_30">
        <omgdc:Bounds height="60.0" width="100.0" x="2690.0" y="892.5"></omgdc:Bounds>
      </bpmndi:BPMNShape>
      <bpmndi:BPMNShape bpmnElement="WF_20000_9490344556_9490344600_299_31" id="BPMNShape_WF_20000_9490344556_9490344600_299_31">
        <omgdc:Bounds height="60.0" width="100.0" x="2855.0" y="892.5"></omgdc:Bounds>
      </bpmndi:BPMNShape>
      <bpmndi:BPMNShape bpmnElement="AND_WF_20000_9490344556_50_39" id="BPMNShape_AND_WF_20000_9490344556_50_39">
        <omgdc:Bounds height="40.0" width="40.0" x="2995.0" y="521.5"></omgdc:Bounds>
      </bpmndi:BPMNShape>
      <bpmndi:BPMNShape bpmnElement="WF_20000_9490344556_50_39" id="BPMNShape_WF_20000_9490344556_50_39">
        <omgdc:Bounds height="60.0" width="100.0" x="3080.0" y="511.5"></omgdc:Bounds>
      </bpmndi:BPMNShape>
      <bpmndi:BPMNShape bpmnElement="WF_20000_9490344556_9490344614_-1_-1" id="BPMNShape_WF_20000_9490344556_9490344614_-1_-1">
        <omgdc:Bounds height="60.0" width="100.0" x="3395.0" y="511.5"></omgdc:Bounds>
      </bpmndi:BPMNShape>
      <bpmndi:BPMNShape bpmnElement="WF_20000_9490344556_9490344606_916_35" id="BPMNShape_WF_20000_9490344556_9490344606_916_35">
        <omgdc:Bounds height="60.0" width="100.0" x="2420.0" y="525.0"></omgdc:Bounds>
      </bpmndi:BPMNShape>
      <bpmndi:BPMNShape bpmnElement="WF_20000_9490344556_9490344605_917_34" id="BPMNShape_WF_20000_9490344556_9490344605_917_34">
        <omgdc:Bounds height="52.0" width="113.0" x="2245.0" y="421.5"></omgdc:Bounds>
      </bpmndi:BPMNShape>
      <bpmndi:BPMNShape bpmnElement="OR_WF_20000_9490344556_51_36" id="BPMNShape_OR_WF_20000_9490344556_51_36">
        <omgdc:Bounds height="40.0" width="40.0" x="2640.0" y="427.5"></omgdc:Bounds>
      </bpmndi:BPMNShape>
      <bpmndi:BPMNShape bpmnElement="WF_20000_9490344556_51_36" id="BPMNShape_WF_20000_9490344556_51_36">
        <omgdc:Bounds height="55.0" width="108.0" x="2750.0" y="420.0"></omgdc:Bounds>
      </bpmndi:BPMNShape>
      <bpmndi:BPMNShape bpmnElement="WF_919_26_Activity_Signal" id="BPMNShape_WF_919_26_Activity_Signal">
        <omgdc:Bounds height="30.0" width="30.0" x="2590.0" y="1215.0"></omgdc:Bounds>
      </bpmndi:BPMNShape>
      <bpmndi:BPMNShape bpmnElement="WF_914_16_Activity_Signal" id="BPMNShape_WF_914_16_Activity_Signal">
        <omgdc:Bounds height="30.0" width="30.0" x="1880.0" y="630.0"></omgdc:Bounds>
      </bpmndi:BPMNShape>
      <bpmndi:BPMNShape bpmnElement="WF_20000_9490344556_9490344613_918_45" id="BPMNShape_WF_20000_9490344556_9490344613_918_45">
        <omgdc:Bounds height="60.0" width="100.0" x="3245.0" y="511.5"></omgdc:Bounds>
      </bpmndi:BPMNShape>
      <bpmndi:BPMNShape bpmnElement="WF_20000_9490344556_9490344577_927_13" id="BPMNShape_WF_20000_9490344556_9490344577_927_13">
        <omgdc:Bounds height="60.0" width="100.0" x="1355.0" y="315.0"></omgdc:Bounds>
      </bpmndi:BPMNShape>
      <bpmndi:BPMNShape bpmnElement="OR_WF_20000_9490344556_51_15" id="BPMNShape_OR_WF_20000_9490344556_51_15">
        <omgdc:Bounds height="40.0" width="40.0" x="1565.0" y="435.0"></omgdc:Bounds>
      </bpmndi:BPMNShape>
      <bpmndi:BPMNShape bpmnElement="WF_20000_9490344556_9490344592_941_25" id="BPMNShape_WF_20000_9490344556_9490344592_941_25">
        <omgdc:Bounds height="60.0" width="100.0" x="2295.0" y="1095.0"></omgdc:Bounds>
      </bpmndi:BPMNShape>
      <bpmndi:BPMNShape bpmnElement="OR_WF_20000_9490344556_51_27" id="BPMNShape_OR_WF_20000_9490344556_51_27">
        <omgdc:Bounds height="40.0" width="40.0" x="2585.0" y="1105.0"></omgdc:Bounds>
      </bpmndi:BPMNShape>
      <bpmndi:BPMNShape bpmnElement="WF_20000_9490344556_9490344598_926_28" id="BPMNShape_WF_20000_9490344556_9490344598_926_28">
        <omgdc:Bounds height="56.0" width="100.0" x="2690.0" y="750.0"></omgdc:Bounds>
      </bpmndi:BPMNShape>
      <bpmndi:BPMNShape bpmnElement="OR_WF_20000_9490344556_51_33" id="BPMNShape_OR_WF_20000_9490344556_51_33">
        <omgdc:Bounds height="40.0" width="40.0" x="2885.0" y="758.0"></omgdc:Bounds>
      </bpmndi:BPMNShape>
      <bpmndi:BPMNShape bpmnElement="WF_20000_9490344556_51_15" id="BPMNShape_WF_20000_9490344556_51_15">
        <omgdc:Bounds height="60.0" width="100.0" x="1610.0" y="526.5"></omgdc:Bounds>
      </bpmndi:BPMNShape>
      <bpmndi:BPMNShape bpmnElement="WF_20000_9490344556_51_27" id="BPMNShape_WF_20000_9490344556_51_27">
        <omgdc:Bounds height="60.0" width="100.0" x="2555.0" y="892.5"></omgdc:Bounds>
      </bpmndi:BPMNShape>
      <bpmndi:BPMNShape bpmnElement="WF_20000_9490344556_51_33" id="BPMNShape_WF_20000_9490344556_51_33">
        <omgdc:Bounds height="60.0" width="100.0" x="2965.0" y="748.0"></omgdc:Bounds>
      </bpmndi:BPMNShape>
      <bpmndi:BPMNShape bpmnElement="WF_915_18_Activity_Signal" id="BPMNShape_WF_915_18_Activity_Signal">
        <omgdc:Bounds height="30.0" width="30.0" x="1982.5" y="868.25"></omgdc:Bounds>
      </bpmndi:BPMNShape>
      <bpmndi:BPMNShape bpmnElement="WF_20000_9490344556_9490344612_202_42" id="BPMNShape_WF_20000_9490344556_9490344612_202_42">
        <omgdc:Bounds height="60.0" width="100.0" x="2965.0" y="645.0"></omgdc:Bounds>
      </bpmndi:BPMNShape>
      <bpmndi:BPMNShape bpmnElement="WF_20000_9490344556_9490344584_929_19" id="BPMNShape_WF_20000_9490344556_9490344584_929_19">
        <omgdc:Bounds height="60.0" width="100.0" x="1947.5" y="943.25"></omgdc:Bounds>
      </bpmndi:BPMNShape>
      <bpmndi:BPMNShape bpmnElement="WF_20000_9490344556_9490344585_930_20" id="BPMNShape_WF_20000_9490344556_9490344585_930_20">
        <omgdc:Bounds height="60.0" width="100.0" x="1947.5" y="1063.25"></omgdc:Bounds>
      </bpmndi:BPMNShape>
      <bpmndi:BPMNShape bpmnElement="OR_WF_20000_9490344556_51_21" id="BPMNShape_OR_WF_20000_9490344556_51_21">
        <omgdc:Bounds height="40.0" width="40.0" x="2172.5" y="953.25"></omgdc:Bounds>
      </bpmndi:BPMNShape>
      <bpmndi:BPMNShape bpmnElement="WF_930_20_Activity_Signal" id="BPMNShape_WF_930_20_Activity_Signal">
        <omgdc:Bounds height="30.0" width="30.0" x="2097.5" y="1078.25"></omgdc:Bounds>
      </bpmndi:BPMNShape>
      <bpmndi:BPMNShape bpmnElement="WF_20000_9490344556_51_21" id="BPMNShape_WF_20000_9490344556_51_21">
        <omgdc:Bounds height="60.0" width="100.0" x="2142.5" y="853.25"></omgdc:Bounds>
      </bpmndi:BPMNShape>
      <bpmndi:BPMNShape bpmnElement="WF_935_12_Activity_Signal" id="BPMNShape_WF_935_12_Activity_Signal">
        <omgdc:Bounds height="30.0" width="30.0" x="1220.0" y="735.0"></omgdc:Bounds>
      </bpmndi:BPMNShape>
      <bpmndi:BPMNShape bpmnElement="WF_933_6_Activity_Signal" id="BPMNShape_WF_933_6_Activity_Signal">
        <omgdc:Bounds height="30.0" width="30.0" x="495.0" y="720.0"></omgdc:Bounds>
      </bpmndi:BPMNShape>
      <bpmndi:BPMNShape bpmnElement="WF_20000_9490344556_9490344562_934_7" id="BPMNShape_WF_20000_9490344556_9490344562_934_7">
        <omgdc:Bounds height="60.0" width="100.0" x="540.0" y="630.0000000000002"></omgdc:Bounds>
      </bpmndi:BPMNShape>
      <bpmndi:BPMNShape bpmnElement="WF_20000_9490344556_9490344563_936_8" id="BPMNShape_WF_20000_9490344556_9490344563_936_8">
        <omgdc:Bounds height="60.0" width="99.99999999999989" x="705.0" y="630.0000000000003"></omgdc:Bounds>
      </bpmndi:BPMNShape>
      <bpmndi:BPMNShape bpmnElement="WF_936_8_Activity_Signal" id="BPMNShape_WF_936_8_Activity_Signal">
        <omgdc:Bounds height="30.0" width="30.0" x="740.0" y="750.0"></omgdc:Bounds>
      </bpmndi:BPMNShape>
      <bpmndi:BPMNShape bpmnElement="WF_20000_9490344556_9490344567_938_10" id="BPMNShape_WF_20000_9490344556_9490344567_938_10">
        <omgdc:Bounds height="60.0" width="100.0" x="705.0" y="975.0"></omgdc:Bounds>
      </bpmndi:BPMNShape>
      <bpmndi:BPMNShape bpmnElement="OR_WF_20000_9490344556_51_5" id="BPMNShape_OR_WF_20000_9490344556_51_5">
        <omgdc:Bounds height="40.0" width="40.0" x="915.0" y="880.0"></omgdc:Bounds>
      </bpmndi:BPMNShape>
      <bpmndi:BPMNShape bpmnElement="WF_938_10_Activity_Signal" id="BPMNShape_WF_938_10_Activity_Signal">
        <omgdc:Bounds height="30.0" width="30.0" x="840.0" y="990.0"></omgdc:Bounds>
      </bpmndi:BPMNShape>
      <bpmndi:BPMNShape bpmnElement="WF_20000_9490344556_9490344564_937_9" id="BPMNShape_WF_20000_9490344556_9490344564_937_9">
        <omgdc:Bounds height="60.0" width="100.0" x="705.0" y="870.0"></omgdc:Bounds>
      </bpmndi:BPMNShape>
      <bpmndi:BPMNShape bpmnElement="WF_20000_9490344556_51_5" id="BPMNShape_WF_20000_9490344556_51_5">
        <omgdc:Bounds height="60.0" width="100.0" x="1020.0" y="870.0"></omgdc:Bounds>
      </bpmndi:BPMNShape>
      <bpmndi:BPMNShape bpmnElement="WF_20000_9490344556_9490344589_940_23" id="BPMNShape_WF_20000_9490344556_9490344589_940_23">
        <omgdc:Bounds height="60.0" width="100.0" x="2234.0" y="760.5"></omgdc:Bounds>
      </bpmndi:BPMNShape>
      <bpmndi:BPMNShape bpmnElement="WF_940_23_Activity_Signal" id="BPMNShape_WF_940_23_Activity_Signal">
        <omgdc:Bounds height="30.0" width="30.0" x="2269.0" y="865.5"></omgdc:Bounds>
      </bpmndi:BPMNShape>
      <bpmndi:BPMNShape bpmnElement="WF_20000_9490344556_9490344588_939_22" id="BPMNShape_WF_20000_9490344556_9490344588_939_22">
        <omgdc:Bounds height="60.0" width="100.0" x="2234.0" y="655.5"></omgdc:Bounds>
      </bpmndi:BPMNShape>
      <bpmndi:BPMNShape bpmnElement="OR_WF_20000_9490344556_51_24" id="BPMNShape_OR_WF_20000_9490344556_51_24">
        <omgdc:Bounds height="40.0" width="40.0" x="2324.0" y="860.5"></omgdc:Bounds>
      </bpmndi:BPMNShape>
      <bpmndi:BPMNShape bpmnElement="WF_20000_9490344556_51_24" id="BPMNShape_WF_20000_9490344556_51_24">
        <omgdc:Bounds height="60.0" width="100.0" x="2295.0" y="990.0"></omgdc:Bounds>
      </bpmndi:BPMNShape>
      <bpmndi:BPMNShape bpmnElement="WF_20000_9490344556_9490344571_942_46" id="BPMNShape_WF_20000_9490344556_9490344571_942_46">
        <omgdc:Bounds height="60.0" width="100.0" x="1020.0" y="655.5"></omgdc:Bounds>
      </bpmndi:BPMNShape>
      <bpmndi:BPMNShape bpmnElement="OR_WF_20000_9490344556_51_47" id="BPMNShape_OR_WF_20000_9490344556_51_47">
        <omgdc:Bounds height="40.0" width="40.0" x="1215.0" y="665.5"></omgdc:Bounds>
      </bpmndi:BPMNShape>
      <bpmndi:BPMNShape bpmnElement="WF_20000_9490344556_51_47" id="BPMNShape_WF_20000_9490344556_51_47">
        <omgdc:Bounds height="60.0" width="100.0" x="1235.0" y="570.0"></omgdc:Bounds>
      </bpmndi:BPMNShape>
      <bpmndi:BPMNShape bpmnElement="WF_916_35_Activity_Signal" id="BPMNShape_WF_916_35_Activity_Signal">
        <omgdc:Bounds height="30.0" width="30.0" x="2645.0" y="540.0"></omgdc:Bounds>
      </bpmndi:BPMNShape>
      <bpmndi:BPMNEdge bpmnElement="seq_OR_WF_20000_9490344556_9490344576_51_5" id="BPMNEdge_seq_OR_WF_20000_9490344556_9490344576_51_5">
        <omgdi:waypoint x="955.0" y="900.0"></omgdi:waypoint>
        <omgdi:waypoint x="1020.0" y="900.0"></omgdi:waypoint>
      </bpmndi:BPMNEdge>
      <bpmndi:BPMNEdge bpmnElement="WF_20000_9490344556_51_21_WF_20000_9490344556_9490344588_939_22" id="BPMNEdge_WF_20000_9490344556_51_21_WF_20000_9490344556_9490344588_939_22">
        <omgdi:waypoint x="2192.424337957125" y="853.25"></omgdi:waypoint>
        <omgdi:waypoint x="2192.0" y="685.0"></omgdi:waypoint>
        <omgdi:waypoint x="2234.0" y="685.2282608695652"></omgdi:waypoint>
      </bpmndi:BPMNEdge>
      <bpmndi:BPMNEdge bpmnElement="WF_20000_9490344556_9490344593_919_26_WF_20000_9490344556_51_27" id="BPMNEdge_WF_20000_9490344556_9490344593_919_26_WF_20000_9490344556_51_27">
        <omgdi:waypoint x="2395.0" y="1230.0"></omgdi:waypoint>
        <omgdi:waypoint x="2590.0" y="1230.0"></omgdi:waypoint>
      </bpmndi:BPMNEdge>
      <bpmndi:BPMNEdge bpmnElement="WF_20000_9490344556_50_39_WF_20000_9490344556_9490344613_918_45" id="BPMNEdge_WF_20000_9490344556_50_39_WF_20000_9490344556_9490344613_918_45">
        <omgdi:waypoint x="3180.0" y="541.5"></omgdi:waypoint>
        <omgdi:waypoint x="3245.0" y="541.5"></omgdi:waypoint>
      </bpmndi:BPMNEdge>
      <bpmndi:BPMNEdge bpmnElement="WF_20000_9490344556_9490344582_234_17_WF_20000_9490344556_9490344583_915_18" id="BPMNEdge_WF_20000_9490344556_9490344582_234_17_WF_20000_9490344556_9490344583_915_18">
        <omgdi:waypoint x="2080.0" y="576.5"></omgdi:waypoint>
        <omgdi:waypoint x="2080.0" y="663.0"></omgdi:waypoint>
        <omgdi:waypoint x="1997.0" y="663.0"></omgdi:waypoint>
        <omgdi:waypoint x="1997.371794871795" y="750.0"></omgdi:waypoint>
      </bpmndi:BPMNEdge>
      <bpmndi:BPMNEdge bpmnElement="seq_OR_WF_20000_9490344556_9490344580_51_15" id="BPMNEdge_seq_OR_WF_20000_9490344556_9490344580_51_15">
        <omgdi:waypoint x="1585.0" y="475.0"></omgdi:waypoint>
        <omgdi:waypoint x="1585.0" y="556.0"></omgdi:waypoint>
        <omgdi:waypoint x="1610.0" y="556.1666666666666"></omgdi:waypoint>
      </bpmndi:BPMNEdge>
      <bpmndi:BPMNEdge bpmnElement="seq1_OR_WF_20000_9490344556_9490344590_51_24" id="BPMNEdge_seq1_OR_WF_20000_9490344556_9490344590_51_24">
        <omgdi:waypoint x="2334.0" y="685.3355263157895"></omgdi:waypoint>
        <omgdi:waypoint x="2436.0" y="685.0"></omgdi:waypoint>
        <omgdi:waypoint x="2436.0" y="881.0"></omgdi:waypoint>
        <omgdi:waypoint x="2363.891891891892" y="880.6081081081081"></omgdi:waypoint>
      </bpmndi:BPMNEdge>
      <bpmndi:BPMNEdge bpmnElement="seq1_OR_WF_20000_9490344556_9490344580_51_15" id="BPMNEdge_seq1_OR_WF_20000_9490344556_9490344580_51_15">
        <omgdi:waypoint x="1585.0" y="375.0"></omgdi:waypoint>
        <omgdi:waypoint x="1585.0" y="435.0"></omgdi:waypoint>
      </bpmndi:BPMNEdge>
      <bpmndi:BPMNEdge bpmnElement="seq_OR_WF_20000_9490344556_9490344587_51_21" id="BPMNEdge_seq_OR_WF_20000_9490344556_9490344587_51_21">
        <omgdi:waypoint x="2192.5" y="953.25"></omgdi:waypoint>
        <omgdi:waypoint x="2192.5" y="913.25"></omgdi:waypoint>
      </bpmndi:BPMNEdge>
      <bpmndi:BPMNEdge bpmnElement="seq1_OR_WF_20000_9490344556_9490344595_51_27" id="BPMNEdge_seq1_OR_WF_20000_9490344556_9490344595_51_27">
        <omgdi:waypoint x="2395.0" y="1125.0"></omgdi:waypoint>
        <omgdi:waypoint x="2585.0" y="1125.0"></omgdi:waypoint>
      </bpmndi:BPMNEdge>
      <bpmndi:BPMNEdge bpmnElement="seq1_OR_WF_20000_9490344556_9490344575_51_5" id="BPMNEdge_seq1_OR_WF_20000_9490344556_9490344575_51_5">
        <omgdi:waypoint x="805.0" y="900.0"></omgdi:waypoint>
        <omgdi:waypoint x="915.0" y="900.0"></omgdi:waypoint>
      </bpmndi:BPMNEdge>
      <bpmndi:BPMNEdge bpmnElement="WF_20000_9490344556_9490344572_935_12_WF_20000_9490344556_51_47" id="BPMNEdge_WF_20000_9490344556_9490344572_935_12_WF_20000_9490344556_51_47">
        <omgdi:waypoint x="1235.0" y="795.0"></omgdi:waypoint>
        <omgdi:waypoint x="1235.0" y="765.0"></omgdi:waypoint>
      </bpmndi:BPMNEdge>
      <bpmndi:BPMNEdge bpmnElement="seq1_OR_WF_20000_9490344556_9490344570_51_11" id="BPMNEdge_seq1_OR_WF_20000_9490344556_9490344570_51_11">
        <omgdi:waypoint x="1285.0" y="570.0"></omgdi:waypoint>
        <omgdi:waypoint x="1285.0" y="520.0"></omgdi:waypoint>
      </bpmndi:BPMNEdge>
      <bpmndi:BPMNEdge bpmnElement="seq1_OR_WF_20000_9490344556_9490344579_51_15" id="BPMNEdge_seq1_OR_WF_20000_9490344556_9490344579_51_15">
        <omgdi:waypoint x="1405.0" y="375.0"></omgdi:waypoint>
        <omgdi:waypoint x="1405.0" y="455.0"></omgdi:waypoint>
        <omgdi:waypoint x="1565.0" y="455.0"></omgdi:waypoint>
      </bpmndi:BPMNEdge>
      <bpmndi:BPMNEdge bpmnElement="seq1_OR_WF_20000_9490344556_9490344573_51_47" id="BPMNEdge_seq1_OR_WF_20000_9490344556_9490344573_51_47">
        <omgdi:waypoint x="1120.0" y="685.5"></omgdi:waypoint>
        <omgdi:waypoint x="1215.0" y="685.5"></omgdi:waypoint>
      </bpmndi:BPMNEdge>
      <bpmndi:BPMNEdge bpmnElement="seq1_OR_WF_20000_9490344556_9490344576_51_5" id="BPMNEdge_seq1_OR_WF_20000_9490344556_9490344576_51_5">
        <omgdi:waypoint x="870.0" y="1005.0"></omgdi:waypoint>
        <omgdi:waypoint x="935.0" y="1005.0"></omgdi:waypoint>
        <omgdi:waypoint x="935.0" y="920.0"></omgdi:waypoint>
      </bpmndi:BPMNEdge>
      <bpmndi:BPMNEdge bpmnElement="WF_20000_9490344556_9490344598_926_28_WF_20000_9490344556_9490344599_200_30" id="BPMNEdge_WF_20000_9490344556_9490344598_926_28_WF_20000_9490344556_9490344599_200_30">
        <omgdi:waypoint x="2740.0" y="806.0"></omgdi:waypoint>
        <omgdi:waypoint x="2740.0" y="892.5"></omgdi:waypoint>
      </bpmndi:BPMNEdge>
      <bpmndi:BPMNEdge bpmnElement="WF_20000_9490344556_9490344564_937_9_WF_20000_9490344556_9490344567_938_10" id="BPMNEdge_WF_20000_9490344556_9490344564_937_9_WF_20000_9490344556_9490344567_938_10">
        <omgdi:waypoint x="755.0" y="930.0"></omgdi:waypoint>
        <omgdi:waypoint x="755.0" y="975.0"></omgdi:waypoint>
      </bpmndi:BPMNEdge>
      <bpmndi:BPMNEdge bpmnElement="WF_20000_9490344556_51_5_WF_20000_9490344556_9490344571_942_46" id="BPMNEdge_WF_20000_9490344556_51_5_WF_20000_9490344556_9490344571_942_46">
        <omgdi:waypoint x="1070.0" y="870.0"></omgdi:waypoint>
        <omgdi:waypoint x="1070.0" y="715.5"></omgdi:waypoint>
      </bpmndi:BPMNEdge>
      <bpmndi:BPMNEdge bpmnElement="seq_AND_WF_20000_9490344556_9490344609_50_39" id="BPMNEdge_seq_AND_WF_20000_9490344556_9490344609_50_39">
        <omgdi:waypoint x="3035.0" y="541.5"></omgdi:waypoint>
        <omgdi:waypoint x="3080.0" y="541.5"></omgdi:waypoint>
      </bpmndi:BPMNEdge>
      <bpmndi:BPMNEdge bpmnElement="seq_OR_WF_20000_9490344556_9490344603_51_33" id="BPMNEdge_seq_OR_WF_20000_9490344556_9490344603_51_33">
        <omgdi:waypoint x="2925.0" y="778.0"></omgdi:waypoint>
        <omgdi:waypoint x="2965.0" y="778.0"></omgdi:waypoint>
      </bpmndi:BPMNEdge>
      <bpmndi:BPMNEdge bpmnElement="WF_20000_9490344556_9490344559_932_4_WF_20000_9490344556_9490344560_933_6" id="BPMNEdge_WF_20000_9490344556_9490344559_932_4_WF_20000_9490344556_9490344560_933_6">
        <omgdi:waypoint x="310.0" y="586.5"></omgdi:waypoint>
        <omgdi:waypoint x="310.0" y="660.0"></omgdi:waypoint>
        <omgdi:waypoint x="375.0" y="660.0000000000001"></omgdi:waypoint>
      </bpmndi:BPMNEdge>
      <bpmndi:BPMNEdge bpmnElement="seq1_OR_WF_20000_9490344556_9490344586_51_21" id="BPMNEdge_seq1_OR_WF_20000_9490344556_9490344586_51_21">
        <omgdi:waypoint x="2047.5" y="973.25"></omgdi:waypoint>
        <omgdi:waypoint x="2172.5" y="973.25"></omgdi:waypoint>
      </bpmndi:BPMNEdge>
      <bpmndi:BPMNEdge bpmnElement="WF_20000_9490344556_9490344588_939_22_WF_20000_9490344556_9490344589_940_23" id="BPMNEdge_WF_20000_9490344556_9490344588_939_22_WF_20000_9490344556_9490344589_940_23">
        <omgdi:waypoint x="2284.0" y="715.5"></omgdi:waypoint>
        <omgdi:waypoint x="2284.0" y="760.5"></omgdi:waypoint>
      </bpmndi:BPMNEdge>
      <bpmndi:BPMNEdge bpmnElement="WF_20000_9490344556_9490344599_200_30_WF_20000_9490344556_9490344600_299_31" id="BPMNEdge_WF_20000_9490344556_9490344599_200_30_WF_20000_9490344556_9490344600_299_31">
        <omgdi:waypoint x="2790.0" y="922.5"></omgdi:waypoint>
        <omgdi:waypoint x="2855.0" y="922.5"></omgdi:waypoint>
      </bpmndi:BPMNEdge>
      <bpmndi:BPMNEdge bpmnElement="WF_20000_9490344556_9490344581_914_16_WF_20000_9490344556_9490344582_234_17" id="BPMNEdge_WF_20000_9490344556_9490344581_914_16_WF_20000_9490344556_9490344582_234_17">
        <omgdi:waypoint x="1810.0" y="586.5"></omgdi:waypoint>
        <omgdi:waypoint x="1810.0" y="645.0"></omgdi:waypoint>
        <omgdi:waypoint x="1880.0" y="645.0"></omgdi:waypoint>
      </bpmndi:BPMNEdge>
      <bpmndi:BPMNEdge bpmnElement="WF_20000_9490344556_9490344585_930_20_WF_20000_9490344556_51_21" id="BPMNEdge_WF_20000_9490344556_9490344585_930_20_WF_20000_9490344556_51_21">
        <omgdi:waypoint x="2047.5" y="1093.25"></omgdi:waypoint>
        <omgdi:waypoint x="2097.5" y="1093.25"></omgdi:waypoint>
      </bpmndi:BPMNEdge>
      <bpmndi:BPMNEdge bpmnElement="seq_OR_WF_20000_9490344556_9490344570_51_11" id="BPMNEdge_seq_OR_WF_20000_9490344556_9490344570_51_11">
        <omgdi:waypoint x="1305.0" y="500.0"></omgdi:waypoint>
        <omgdi:waypoint x="1355.0" y="500.0"></omgdi:waypoint>
      </bpmndi:BPMNEdge>
      <bpmndi:BPMNEdge bpmnElement="seq1_OR_WF_20000_9490344556_9490344603_51_33" id="BPMNEdge_seq1_OR_WF_20000_9490344556_9490344603_51_33">
        <omgdi:waypoint x="2905.0" y="892.5"></omgdi:waypoint>
        <omgdi:waypoint x="2905.0" y="798.0"></omgdi:waypoint>
      </bpmndi:BPMNEdge>
      <bpmndi:BPMNEdge bpmnElement="seq_OR_WF_20000_9490344556_9490344608_51_36" id="BPMNEdge_seq_OR_WF_20000_9490344556_9490344608_51_36">
        <omgdi:waypoint x="2680.0" y="447.5"></omgdi:waypoint>
        <omgdi:waypoint x="2750.0" y="447.5"></omgdi:waypoint>
      </bpmndi:BPMNEdge>
      <bpmndi:BPMNEdge bpmnElement="seq1_OR_WF_20000_9490344556_9490344607_51_36" id="BPMNEdge_seq1_OR_WF_20000_9490344556_9490344607_51_36">
        <omgdi:waypoint x="2358.0" y="447.5"></omgdi:waypoint>
        <omgdi:waypoint x="2640.0" y="447.5"></omgdi:waypoint>
      </bpmndi:BPMNEdge>
      <bpmndi:BPMNEdge bpmnElement="WF_20000_9490344556_9490344560_933_6_WF_20000_9490344556_9490344562_934_7" id="BPMNEdge_WF_20000_9490344556_9490344560_933_6_WF_20000_9490344556_9490344562_934_7">
        <omgdi:waypoint x="425.0" y="690.0000000000002"></omgdi:waypoint>
        <omgdi:waypoint x="425.0" y="735.0"></omgdi:waypoint>
        <omgdi:waypoint x="495.0" y="735.0"></omgdi:waypoint>
      </bpmndi:BPMNEdge>
      <bpmndi:BPMNEdge bpmnElement="WF_20000_9490344556_9490344584_929_19_WF_20000_9490344556_9490344585_930_20" id="BPMNEdge_WF_20000_9490344556_9490344584_929_19_WF_20000_9490344556_9490344585_930_20">
        <omgdi:waypoint x="1997.5" y="1003.25"></omgdi:waypoint>
        <omgdi:waypoint x="1997.5" y="1063.25"></omgdi:waypoint>
      </bpmndi:BPMNEdge>
      <bpmndi:BPMNEdge bpmnElement="WF_20000_9490344556_9490344567_938_10_WF_20000_9490344556_51_5" id="BPMNEdge_WF_20000_9490344556_9490344567_938_10_WF_20000_9490344556_51_5">
        <omgdi:waypoint x="805.0" y="1005.0"></omgdi:waypoint>
        <omgdi:waypoint x="840.0" y="1005.0"></omgdi:waypoint>
      </bpmndi:BPMNEdge>
      <bpmndi:BPMNEdge bpmnElement="WF_20000_9490344556_9490344563_936_8_WF_20000_9490344556_9490344564_937_9" id="BPMNEdge_WF_20000_9490344556_9490344563_936_8_WF_20000_9490344556_9490344564_937_9">
        <omgdi:waypoint x="755.0" y="690.0000000000003"></omgdi:waypoint>
        <omgdi:waypoint x="755.0" y="750.0"></omgdi:waypoint>
      </bpmndi:BPMNEdge>
      <bpmndi:BPMNEdge bpmnElement="seq_OR_WF_20000_9490344556_9490344597_51_27" id="BPMNEdge_seq_OR_WF_20000_9490344556_9490344597_51_27">
        <omgdi:waypoint x="2605.0" y="1105.0"></omgdi:waypoint>
        <omgdi:waypoint x="2605.0" y="952.5"></omgdi:waypoint>
      </bpmndi:BPMNEdge>
      <bpmndi:BPMNEdge bpmnElement="sid-1410A020-E750-421A-A97D-9D9EB2F5F4E7" id="BPMNEdge_sid-1410A020-E750-421A-A97D-9D9EB2F5F4E7">
        <omgdi:waypoint x="525.0" y="735.0"></omgdi:waypoint>
        <omgdi:waypoint x="590.0" y="735.0"></omgdi:waypoint>
        <omgdi:waypoint x="590.0" y="690.0000000000002"></omgdi:waypoint>
      </bpmndi:BPMNEdge>
      <bpmndi:BPMNEdge bpmnElement="WF_20000_9490344556_51_27_WF_20000_9490344556_9490344598_926_28" id="BPMNEdge_WF_20000_9490344556_51_27_WF_20000_9490344556_9490344598_926_28">
        <omgdi:waypoint x="2605.0" y="892.5"></omgdi:waypoint>
        <omgdi:waypoint x="2605.0" y="778.0"></omgdi:waypoint>
        <omgdi:waypoint x="2690.0" y="778.0"></omgdi:waypoint>
      </bpmndi:BPMNEdge>
      <bpmndi:BPMNEdge bpmnElement="seq1_OR_WF_20000_9490344556_9490344602_51_33" id="BPMNEdge_seq1_OR_WF_20000_9490344556_9490344602_51_33">
        <omgdi:waypoint x="2790.0" y="778.0"></omgdi:waypoint>
        <omgdi:waypoint x="2885.0" y="778.0"></omgdi:waypoint>
      </bpmndi:BPMNEdge>
      <bpmndi:BPMNEdge bpmnElement="seq1_OR_WF_20000_9490344556_9490344569_51_11" id="BPMNEdge_seq1_OR_WF_20000_9490344556_9490344569_51_11">
        <omgdi:waypoint x="310.0" y="526.5000000000001"></omgdi:waypoint>
        <omgdi:waypoint x="310.0" y="417.015625"></omgdi:waypoint>
        <omgdi:waypoint x="1285.0" y="417.015625"></omgdi:waypoint>
        <omgdi:waypoint x="1285.0" y="480.0"></omgdi:waypoint>
      </bpmndi:BPMNEdge>
      <bpmndi:BPMNEdge bpmnElement="WF_20000_9490344556_9490344583_915_18_WF_20000_9490344556_9490344584_929_19" id="BPMNEdge_WF_20000_9490344556_9490344583_915_18_WF_20000_9490344556_9490344584_929_19">
        <omgdi:waypoint x="1997.5" y="810.0"></omgdi:waypoint>
        <omgdi:waypoint x="1997.5" y="868.25"></omgdi:waypoint>
      </bpmndi:BPMNEdge>
      <bpmndi:BPMNEdge bpmnElement="WF_20000_9490344556_51_24_WF_20000_9490344556_9490344592_941_25" id="BPMNEdge_WF_20000_9490344556_51_24_WF_20000_9490344556_9490344592_941_25">
        <omgdi:waypoint x="2345.0" y="1050.0"></omgdi:waypoint>
        <omgdi:waypoint x="2345.0" y="1095.0"></omgdi:waypoint>
      </bpmndi:BPMNEdge>
      <bpmndi:BPMNEdge bpmnElement="seq1_AND_WF_20000_9490344556_9490344611_50_39" id="BPMNEdge_seq1_AND_WF_20000_9490344556_9490344611_50_39">
        <omgdi:waypoint x="2858.0" y="447.37203791469193"></omgdi:waypoint>
        <omgdi:waypoint x="3015.0" y="447.0"></omgdi:waypoint>
        <omgdi:waypoint x="3015.0" y="521.5"></omgdi:waypoint>
      </bpmndi:BPMNEdge>
      <bpmndi:BPMNEdge bpmnElement="seq1_OR_WF_20000_9490344556_9490344597_51_27" id="BPMNEdge_seq1_OR_WF_20000_9490344556_9490344597_51_27">
        <omgdi:waypoint x="2605.0" y="1215.0"></omgdi:waypoint>
        <omgdi:waypoint x="2605.0" y="1145.0"></omgdi:waypoint>
      </bpmndi:BPMNEdge>
      <bpmndi:BPMNEdge bpmnElement="sid-BDF35B4D-38DD-4310-9D4C-1CCA93003A6E" id="BPMNEdge_sid-BDF35B4D-38DD-4310-9D4C-1CCA93003A6E">
        <omgdi:waypoint x="1997.5" y="898.25"></omgdi:waypoint>
        <omgdi:waypoint x="1997.5" y="943.25"></omgdi:waypoint>
      </bpmndi:BPMNEdge>
      <bpmndi:BPMNEdge bpmnElement="WF_20000_9490344556_51_15_WF_20000_9490344556_9490344581_914_16" id="BPMNEdge_WF_20000_9490344556_51_15_WF_20000_9490344556_9490344581_914_16">
        <omgdi:waypoint x="1710.0" y="556.5"></omgdi:waypoint>
        <omgdi:waypoint x="1760.0" y="556.5"></omgdi:waypoint>
      </bpmndi:BPMNEdge>
      <bpmndi:BPMNEdge bpmnElement="WF_20000_9490344556_9490344558_207_3_WF_20000_9490344556_9490344559_143_6" id="BPMNEdge_WF_20000_9490344556_9490344558_207_3_WF_20000_9490344556_9490344559_143_6">
        <omgdi:waypoint x="210.0" y="556.5"></omgdi:waypoint>
        <omgdi:waypoint x="260.0" y="556.5"></omgdi:waypoint>
      </bpmndi:BPMNEdge>
      <bpmndi:BPMNEdge bpmnElement="seq_OR_WF_20000_9490344556_9490344574_51_47" id="BPMNEdge_seq_OR_WF_20000_9490344556_9490344574_51_47">
        <omgdi:waypoint x="1255.0" y="685.5"></omgdi:waypoint>
        <omgdi:waypoint x="1285.0" y="685.5"></omgdi:waypoint>
        <omgdi:waypoint x="1285.0" y="630.0"></omgdi:waypoint>
      </bpmndi:BPMNEdge>
      <bpmndi:BPMNEdge bpmnElement="WF_20000_9490344556_9490344589_940_23_WF_20000_9490344556_51_24" id="BPMNEdge_WF_20000_9490344556_9490344589_940_23_WF_20000_9490344556_51_24">
        <omgdi:waypoint x="2284.0" y="820.5"></omgdi:waypoint>
        <omgdi:waypoint x="2284.0" y="865.5"></omgdi:waypoint>
      </bpmndi:BPMNEdge>
      <bpmndi:BPMNEdge bpmnElement="WF_20000_9490344556_9490344606_916_35_WF_20000_9490344556_51_36" id="BPMNEdge_WF_20000_9490344556_9490344606_916_35_WF_20000_9490344556_51_36">
        <omgdi:waypoint x="2520.0" y="555.0"></omgdi:waypoint>
        <omgdi:waypoint x="2645.0" y="555.0"></omgdi:waypoint>
      </bpmndi:BPMNEdge>
      <bpmndi:BPMNEdge bpmnElement="WF_20000_9490344556_9490344577_927_13_WF_20000_9490344556_9490344578_913_14" id="BPMNEdge_WF_20000_9490344556_9490344577_927_13_WF_20000_9490344556_9490344578_913_14">
        <omgdi:waypoint x="1455.0" y="345.0"></omgdi:waypoint>
        <omgdi:waypoint x="1535.0" y="345.0"></omgdi:waypoint>
      </bpmndi:BPMNEdge>
      <bpmndi:BPMNEdge bpmnElement="WF_20000_9490344556_51_33_WF_20000_9490344556_9490344612_202_42" id="BPMNEdge_WF_20000_9490344556_51_33_WF_20000_9490344556_9490344612_202_42">
        <omgdi:waypoint x="3015.0" y="748.0"></omgdi:waypoint>
        <omgdi:waypoint x="3015.0" y="705.0"></omgdi:waypoint>
      </bpmndi:BPMNEdge>
      <bpmndi:BPMNEdge bpmnElement="WF_20000_9490344556_9490344562_934_7_WF_20000_9490344556_9490344563_936_8" id="BPMNEdge_WF_20000_9490344556_9490344562_934_7_WF_20000_9490344556_9490344563_936_8">
        <omgdi:waypoint x="640.0" y="660.0000000000002"></omgdi:waypoint>
        <omgdi:waypoint x="705.0" y="660.0000000000003"></omgdi:waypoint>
      </bpmndi:BPMNEdge>
      <bpmndi:BPMNEdge bpmnElement="WF_20000_9490344556_51_11_WF_20000_9490344556_9490344577_927_13" id="BPMNEdge_WF_20000_9490344556_51_11_WF_20000_9490344556_9490344577_927_13">
        <omgdi:waypoint x="1405.0" y="470.0"></omgdi:waypoint>
        <omgdi:waypoint x="1405.0" y="375.0"></omgdi:waypoint>
      </bpmndi:BPMNEdge>
      <bpmndi:BPMNEdge bpmnElement="seq_OR_WF_20000_9490344556_9490344591_51_24" id="BPMNEdge_seq_OR_WF_20000_9490344556_9490344591_51_24">
        <omgdi:waypoint x="2344.1423487544484" y="900.3576512455516"></omgdi:waypoint>
        <omgdi:waypoint x="2344.7849462365593" y="990.0"></omgdi:waypoint>
      </bpmndi:BPMNEdge>
      <bpmndi:BPMNEdge bpmnElement="start_20000_9490344556" id="BPMNEdge_start_20000_9490344556">
        <omgdi:waypoint x="60.0" y="556.5000000000001"></omgdi:waypoint>
        <omgdi:waypoint x="110.0" y="556.5"></omgdi:waypoint>
      </bpmndi:BPMNEdge>
      <bpmndi:BPMNEdge bpmnElement="WF_20000_9490344556_9490344582_234_17_WF_20000_9490344556_9490344605_917_34" id="BPMNEdge_WF_20000_9490344556_9490344582_234_17_WF_20000_9490344556_9490344605_917_34">
        <omgdi:waypoint x="2099.764705882353" y="556.2647058823529"></omgdi:waypoint>
        <omgdi:waypoint x="2122.0" y="556.0"></omgdi:waypoint>
        <omgdi:waypoint x="2122.0" y="447.0"></omgdi:waypoint>
        <omgdi:waypoint x="2245.0" y="447.34261838440113"></omgdi:waypoint>
      </bpmndi:BPMNEdge>
      <bpmndi:BPMNEdge bpmnElement="WF_20000_9490344556_9490344613_918_45_WF_20000_9490344556_9490344614_-1_-1" id="BPMNEdge_WF_20000_9490344556_9490344613_918_45_WF_20000_9490344556_9490344614_-1_-1">
        <omgdi:waypoint x="3345.0" y="541.5"></omgdi:waypoint>
        <omgdi:waypoint x="3395.0" y="541.5"></omgdi:waypoint>
      </bpmndi:BPMNEdge>
      <bpmndi:BPMNEdge bpmnElement="seq1_AND_WF_20000_9490344556_9490344609_50_39" id="BPMNEdge_seq1_AND_WF_20000_9490344556_9490344609_50_39">
        <omgdi:waypoint x="3015.0" y="645.0"></omgdi:waypoint>
        <omgdi:waypoint x="3015.0" y="561.5"></omgdi:waypoint>
      </bpmndi:BPMNEdge>
      <bpmndi:BPMNEdge bpmnElement="seq1_OR_WF_20000_9490344556_9490344591_51_24" id="BPMNEdge_seq1_OR_WF_20000_9490344556_9490344591_51_24">
        <omgdi:waypoint x="2299.0" y="880.5"></omgdi:waypoint>
        <omgdi:waypoint x="2324.0" y="880.5"></omgdi:waypoint>
      </bpmndi:BPMNEdge>
      <bpmndi:BPMNEdge bpmnElement="sid-2AFD04D7-0650-4DDA-AA98-09DDDF74D8E9" id="BPMNEdge_sid-2AFD04D7-0650-4DDA-AA98-09DDDF74D8E9">
        <omgdi:waypoint x="755.0" y="780.0"></omgdi:waypoint>
        <omgdi:waypoint x="755.0" y="870.0"></omgdi:waypoint>
      </bpmndi:BPMNEdge>
      <bpmndi:BPMNEdge bpmnElement="seq1_OR_WF_20000_9490344556_9490344608_51_36" id="BPMNEdge_seq1_OR_WF_20000_9490344556_9490344608_51_36">
        <omgdi:waypoint x="2660.070092692677" y="540.0001637670796"></omgdi:waypoint>
        <omgdi:waypoint x="2660.410798122066" y="467.0892018779343"></omgdi:waypoint>
      </bpmndi:BPMNEdge>
      <bpmndi:BPMNEdge bpmnElement="seq1_OR_WF_20000_9490344556_9490344574_51_47" id="BPMNEdge_seq1_OR_WF_20000_9490344556_9490344574_51_47">
        <omgdi:waypoint x="1235.0" y="735.0"></omgdi:waypoint>
        <omgdi:waypoint x="1235.0" y="705.5"></omgdi:waypoint>
      </bpmndi:BPMNEdge>
      <bpmndi:BPMNEdge bpmnElement="seq1_OR_WF_20000_9490344556_9490344587_51_21" id="BPMNEdge_seq1_OR_WF_20000_9490344556_9490344587_51_21">
        <omgdi:waypoint x="2127.49992583418" y="1093.202830421905"></omgdi:waypoint>
        <omgdi:waypoint x="2192.0" y="1093.0"></omgdi:waypoint>
        <omgdi:waypoint x="2192.4168399168398" y="993.1668399168399"></omgdi:waypoint>
      </bpmndi:BPMNEdge>
      <bpmndi:BPMNEdge bpmnElement="WF_20000_9490344556_9490344592_941_25_WF_20000_9490344556_9490344593_919_26" id="BPMNEdge_WF_20000_9490344556_9490344592_941_25_WF_20000_9490344556_9490344593_919_26">
        <omgdi:waypoint x="2345.0" y="1155.0"></omgdi:waypoint>
        <omgdi:waypoint x="2345.0" y="1200.0"></omgdi:waypoint>
      </bpmndi:BPMNEdge>
      <bpmndi:BPMNEdge bpmnElement="sid-34FCA1D5-4146-43EB-8179-B49EE40CAD59" id="BPMNEdge_sid-34FCA1D5-4146-43EB-8179-B49EE40CAD59">
        <omgdi:waypoint x="1910.0" y="645.0"></omgdi:waypoint>
        <omgdi:waypoint x="1975.0" y="645.0"></omgdi:waypoint>
        <omgdi:waypoint x="1975.0" y="586.5"></omgdi:waypoint>
      </bpmndi:BPMNEdge>
      <bpmndi:BPMNEdge bpmnElement="PARALLEL_WF_20000_9490344556_9490344582_234_17_WF_20000_9490344556_9490344583_915_18" id="BPMNEdge_PARALLEL_WF_20000_9490344556_9490344582_234_17_WF_20000_9490344556_9490344583_915_18">
        <omgdi:waypoint x="2025.0" y="556.5"></omgdi:waypoint>
        <omgdi:waypoint x="2060.0" y="556.5"></omgdi:waypoint>
      </bpmndi:BPMNEdge>
      <bpmndi:BPMNEdge bpmnElement="WF_20000_9490344556_9490344571_942_46_WF_20000_9490344556_9490344572_935_12" id="BPMNEdge_WF_20000_9490344556_9490344571_942_46_WF_20000_9490344556_9490344572_935_12">
        <omgdi:waypoint x="1070.0" y="715.5"></omgdi:waypoint>
        <omgdi:waypoint x="1070.0" y="825.0"></omgdi:waypoint>
        <omgdi:waypoint x="1185.0" y="825.0"></omgdi:waypoint>
      </bpmndi:BPMNEdge>
      <bpmndi:BPMNEdge bpmnElement="WF_20000_9490344556_9490344605_917_34_WF_20000_9490344556_9490344606_916_35" id="BPMNEdge_WF_20000_9490344556_9490344605_917_34_WF_20000_9490344556_9490344606_916_35">
        <omgdi:waypoint x="2301.3790697674417" y="473.5"></omgdi:waypoint>
        <omgdi:waypoint x="2301.0" y="555.0"></omgdi:waypoint>
        <omgdi:waypoint x="2420.0" y="555.0"></omgdi:waypoint>
      </bpmndi:BPMNEdge>
    </bpmndi:BPMNPlane>
  </bpmndi:BPMNDiagram>
</definitions>