<?xml version="1.0" encoding="UTF-8"?>
<definitions xmlns="http://www.omg.org/spec/BPMN/20100524/MODEL" xmlns:xsi="http://www.w3.org/2001/XMLSchema-instance" xmlns:xsd="http://www.w3.org/2001/XMLSchema" xmlns:activiti="http://activiti.org/bpmn" xmlns:bpmndi="http://www.omg.org/spec/BPMN/20100524/DI" xmlns:omgdc="http://www.omg.org/spec/DD/20100524/DC" xmlns:omgdi="http://www.omg.org/spec/DD/20100524/DI" typeLanguage="http://www.w3.org/2001/XMLSchema" expressionLanguage="http://www.w3.org/1999/XPath" targetNamespace="http://www.activiti.org/processdef">
  <signal id="WF_920_6_Activity_Complete" name="WF_920_6_Activity_Complete" activiti:scope="global"></signal>
  <signal id="WF_921_9_Activity_Complete" name="WF_921_9_Activity_Complete" activiti:scope="global"></signal>
  <process id="WF_20001_9059997967" name="WF_20001_9059997967" isExecutable="true">
    <startEvent id="WF_20001_9059997967_startEvent" name="Start"></startEvent>
    <serviceTask id="WF_20001_9059997967_9059997968_207_3" name="Set Order Status = Accepted (207-3)" activiti:async="true" activiti:delegateExpression="${setOrderAccepted}"></serviceTask>
    <serviceTask id="WF_20001_9059997967_9059997969_920_6" name="Update Order PRO Features (920-6)" activiti:async="true" activiti:delegateExpression="${parentTransCoordTriggerActivity}"></serviceTask>
    <serviceTask id="WF_20001_9059997967_9059997970_921_9" name="Update Order NPAL Features (921-9)" activiti:async="true" activiti:delegateExpression="${parentTransCoordTriggerActivity}"></serviceTask>
    <serviceTask id="WF_20001_9059997967_9059997971_202_12" name="Order Status = Completed (202-12)" activiti:async="true" activiti:delegateExpression="${orderCompleted}"></serviceTask>
    <intermediateCatchEvent id="WF_920_6_Activity_Signal">
      <signalEventDefinition signalRef="WF_920_6_Activity_Complete"></signalEventDefinition>
    </intermediateCatchEvent>
    <sequenceFlow id="start_20001_9059997967" sourceRef="WF_20001_9059997967_startEvent" targetRef="WF_20001_9059997967_9059997968_207_3"></sequenceFlow>
    <sequenceFlow id="WF_20001_9059997967_9059997968_207_3_WF_20001_9059997967_9059997969_920_6" sourceRef="WF_20001_9059997967_9059997968_207_3" targetRef="WF_20001_9059997967_9059997969_920_6"></sequenceFlow>
    <serviceTask id="WF_20001_9059997967_9059997972_918_15" name="Voice Order Status = Completed(918-15)" activiti:async="true" activiti:delegateExpression="${voiceOrderStatusUpdate}"></serviceTask>
    <sequenceFlow id="WF_20001_9059997967_9059997969_920_6_WF_20001_9059997967_9059997970_921_9" sourceRef="WF_20001_9059997967_9059997969_920_6" targetRef="WF_920_6_Activity_Signal"></sequenceFlow>
    <serviceTask id="WF_20001_9059997967_9059997973_-1_-1" name="END (-1-1)" activiti:async="true" activiti:delegateExpression="${dummyActivity}"></serviceTask>
    <sequenceFlow id="WF_20001_9059997967_9059997970_921_9_WF_20001_9059997967_9059997972_918_15" sourceRef="WF_20001_9059997967_9059997971_202_12" targetRef="WF_20001_9059997967_9059997972_918_15"></sequenceFlow>
    <sequenceFlow id="WF_20001_9059997967_9059997972_918_15_WF_20001_9059997967_9059997973_-1_-1" sourceRef="WF_20001_9059997967_9059997972_918_15" targetRef="WF_20001_9059997967_9059997973_-1_-1"></sequenceFlow>
    <sequenceFlow id="sid-6D2E21CC-F416-4F6C-BA2B-506B6A60ACF0" sourceRef="WF_920_6_Activity_Signal" targetRef="WF_20001_9059997967_9059997970_921_9"></sequenceFlow>
    <intermediateCatchEvent id="WF_921_9_Activity_Signal">
      <signalEventDefinition signalRef="WF_921_9_Activity_Complete"></signalEventDefinition>
    </intermediateCatchEvent>
    <sequenceFlow id="sid-9E0488D4-5571-4155-9E4A-443064B70EB7" sourceRef="WF_921_9_Activity_Signal" targetRef="WF_20001_9059997967_9059997971_202_12"></sequenceFlow>
    <sequenceFlow id="WF_20001_9059997967_9059997970_921_9_WF_20001_9059997967_9059997971_202_12" sourceRef="WF_20001_9059997967_9059997970_921_9" targetRef="WF_921_9_Activity_Signal"></sequenceFlow>
  </process>
  <bpmndi:BPMNDiagram id="BPMNDiagram_WF_20001_9059997967">
    <bpmndi:BPMNPlane bpmnElement="WF_20001_9059997967" id="BPMNPlane_WF_20001_9059997967">
      <bpmndi:BPMNShape bpmnElement="WF_20001_9059997967_startEvent" id="BPMNShape_WF_20001_9059997967_startEvent">
        <omgdc:Bounds height="30.0" width="30.0" x="90.0" y="150.0"></omgdc:Bounds>
      </bpmndi:BPMNShape>
      <bpmndi:BPMNShape bpmnElement="WF_20001_9059997967_9059997968_207_3" id="BPMNShape_WF_20001_9059997967_9059997968_207_3">
        <omgdc:Bounds height="80.0" width="100.0" x="212.0" y="125.0"></omgdc:Bounds>
      </bpmndi:BPMNShape>
      <bpmndi:BPMNShape bpmnElement="WF_20001_9059997967_9059997969_920_6" id="BPMNShape_WF_20001_9059997967_9059997969_920_6">
        <omgdc:Bounds height="80.0" width="100.0" x="360.0" y="125.0"></omgdc:Bounds>
      </bpmndi:BPMNShape>
      <bpmndi:BPMNShape bpmnElement="WF_20001_9059997967_9059997970_921_9" id="BPMNShape_WF_20001_9059997967_9059997970_921_9">
        <omgdc:Bounds height="80.0" width="100.0" x="570.0" y="125.0"></omgdc:Bounds>
      </bpmndi:BPMNShape>
      <bpmndi:BPMNShape bpmnElement="WF_20001_9059997967_9059997971_202_12" id="BPMNShape_WF_20001_9059997967_9059997971_202_12">
        <omgdc:Bounds height="80.0" width="100.0" x="735.0" y="125.0"></omgdc:Bounds>
      </bpmndi:BPMNShape>
      <bpmndi:BPMNShape bpmnElement="WF_920_6_Activity_Signal" id="BPMNShape_WF_920_6_Activity_Signal">
        <omgdc:Bounds height="30.0" width="30.0" x="495.0" y="234.0"></omgdc:Bounds>
      </bpmndi:BPMNShape>
      <bpmndi:BPMNShape bpmnElement="WF_20001_9059997967_9059997972_918_15" id="BPMNShape_WF_20001_9059997967_9059997972_918_15">
        <omgdc:Bounds height="80.0" width="100.0" x="900.0" y="125.0"></omgdc:Bounds>
      </bpmndi:BPMNShape>
      <bpmndi:BPMNShape bpmnElement="WF_20001_9059997967_9059997973_-1_-1" id="BPMNShape_WF_20001_9059997967_9059997973_-1_-1">
        <omgdc:Bounds height="80.0" width="100.0" x="1050.0" y="125.0"></omgdc:Bounds>
      </bpmndi:BPMNShape>
      <bpmndi:BPMNShape bpmnElement="WF_921_9_Activity_Signal" id="BPMNShape_WF_921_9_Activity_Signal">
        <omgdc:Bounds height="30.0" width="30.0" x="705.0" y="234.0"></omgdc:Bounds>
      </bpmndi:BPMNShape>
      <bpmndi:BPMNEdge bpmnElement="WF_20001_9059997967_9059997972_918_15_WF_20001_9059997967_9059997973_-1_-1" id="BPMNEdge_WF_20001_9059997967_9059997972_918_15_WF_20001_9059997967_9059997973_-1_-1">
        <omgdi:waypoint x="1000.0" y="165.0"></omgdi:waypoint>
        <omgdi:waypoint x="1050.0" y="165.0"></omgdi:waypoint>
      </bpmndi:BPMNEdge>
      <bpmndi:BPMNEdge bpmnElement="WF_20001_9059997967_9059997970_921_9_WF_20001_9059997967_9059997971_202_12" id="BPMNEdge_WF_20001_9059997967_9059997970_921_9_WF_20001_9059997967_9059997971_202_12">
        <omgdi:waypoint x="645.0" y="205.0"></omgdi:waypoint>
        <omgdi:waypoint x="645.0" y="249.0"></omgdi:waypoint>
        <omgdi:waypoint x="705.0" y="249.0"></omgdi:waypoint>
      </bpmndi:BPMNEdge>
      <bpmndi:BPMNEdge bpmnElement="start_20001_9059997967" id="BPMNEdge_start_20001_9059997967">
        <omgdi:waypoint x="120.0" y="165.0"></omgdi:waypoint>
        <omgdi:waypoint x="212.0" y="165.0"></omgdi:waypoint>
      </bpmndi:BPMNEdge>
      <bpmndi:BPMNEdge bpmnElement="WF_20001_9059997967_9059997969_920_6_WF_20001_9059997967_9059997970_921_9" id="BPMNEdge_WF_20001_9059997967_9059997969_920_6_WF_20001_9059997967_9059997970_921_9">
        <omgdi:waypoint x="410.0" y="205.0"></omgdi:waypoint>
        <omgdi:waypoint x="410.0" y="249.0"></omgdi:waypoint>
        <omgdi:waypoint x="495.0" y="249.0"></omgdi:waypoint>
      </bpmndi:BPMNEdge>
      <bpmndi:BPMNEdge bpmnElement="sid-9E0488D4-5571-4155-9E4A-443064B70EB7" id="BPMNEdge_sid-9E0488D4-5571-4155-9E4A-443064B70EB7">
        <omgdi:waypoint x="735.0" y="249.0"></omgdi:waypoint>
        <omgdi:waypoint x="785.0" y="249.0"></omgdi:waypoint>
        <omgdi:waypoint x="785.0" y="205.0"></omgdi:waypoint>
      </bpmndi:BPMNEdge>
      <bpmndi:BPMNEdge bpmnElement="WF_20001_9059997967_9059997970_921_9_WF_20001_9059997967_9059997972_918_15" id="BPMNEdge_WF_20001_9059997967_9059997970_921_9_WF_20001_9059997967_9059997972_918_15">
        <omgdi:waypoint x="835.0" y="165.0"></omgdi:waypoint>
        <omgdi:waypoint x="900.0" y="165.0"></omgdi:waypoint>
      </bpmndi:BPMNEdge>
      <bpmndi:BPMNEdge bpmnElement="WF_20001_9059997967_9059997968_207_3_WF_20001_9059997967_9059997969_920_6" id="BPMNEdge_WF_20001_9059997967_9059997968_207_3_WF_20001_9059997967_9059997969_920_6">
        <omgdi:waypoint x="312.0" y="165.0"></omgdi:waypoint>
        <omgdi:waypoint x="360.0" y="165.0"></omgdi:waypoint>
      </bpmndi:BPMNEdge>
      <bpmndi:BPMNEdge bpmnElement="sid-6D2E21CC-F416-4F6C-BA2B-506B6A60ACF0" id="BPMNEdge_sid-6D2E21CC-F416-4F6C-BA2B-506B6A60ACF0">
        <omgdi:waypoint x="525.0" y="249.0"></omgdi:waypoint>
        <omgdi:waypoint x="595.0" y="249.0"></omgdi:waypoint>
        <omgdi:waypoint x="595.0" y="205.0"></omgdi:waypoint>
      </bpmndi:BPMNEdge>
    </bpmndi:BPMNPlane>
  </bpmndi:BPMNDiagram>
</definitions>