<?xml version="1.0" encoding="UTF-8"?>
<definitions xmlns="http://www.omg.org/spec/BPMN/20100524/MODEL" xmlns:xsi="http://www.w3.org/2001/XMLSchema-instance" xmlns:xsd="http://www.w3.org/2001/XMLSchema" xmlns:activiti="http://activiti.org/bpmn" xmlns:bpmndi="http://www.omg.org/spec/BPMN/20100524/DI" xmlns:omgdc="http://www.omg.org/spec/DD/20100524/DC" xmlns:omgdi="http://www.omg.org/spec/DD/20100524/DI" typeLanguage="http://www.w3.org/2001/XMLSchema" expressionLanguage="http://www.w3.org/1999/XPath" targetNamespace="http://www.activiti.org/processdef">
  <signal id="WF_925_15_Activity_Complete" name="WF_925_15_Activity_Complete" activiti:scope="global"></signal>
  <signal id="WF_923_9_Activity_Complete" name="WF_923_9_Activity_Complete" activiti:scope="global"></signal>
  <signal id="WF_924_10_Activity_Complete" name="WF_924_10_Activity_Complete" activiti:scope="global"></signal>
  <signal id="WF_931_12_Activity_Complete" name="WF_931_12_Activity_Complete" activiti:scope="global"></signal>
  <process id="WF_20002_9227599435" name="20002_9227599435" isExecutable="true">
    <startEvent id="WF_20002_9227599435_startEvent"></startEvent>
    <serviceTask id="WF_20002_9227599435_9227599436_207_3" name="Set Order Status = Accepted(207-3)" activiti:async="true" activiti:delegateExpression="${setOrderAccepted}"></serviceTask>
    <serviceTask id="WF_20002_9227599435_9227599437_922_6" name="Remove ANI From NUMS (922-6)" activiti:async="true" activiti:delegateExpression="${loadANItoNUMSActivity}"></serviceTask>
    <serviceTask id="WF_20002_9227599435_9227599438_923_9" name="Remove ANI From Inv - 1S (PRO) (923-9)" activiti:async="true" activiti:delegateExpression="${parentTransCoordTriggerActivity}"></serviceTask>
    <serviceTask id="WF_20002_9227599435_9227599439_924_10" name="Deactivate ANI on EFS (NPAL)(924-10)" activiti:async="true" activiti:delegateExpression="${parentTransCoordTriggerActivity}"></serviceTask>
    <serviceTask id="WF_20002_9227599435_9227599445_925_15" name="Disconnect ANI In Mediation (925-15)" activiti:async="true" activiti:delegateExpression="${ldTriggerMediationActivity}"></serviceTask>
    <serviceTask id="WF_20002_9227599435_9227599448_202_18" name="Status = Completed(202-18)" activiti:async="true" activiti:delegateExpression="${orderCompleted}"></serviceTask>
    <serviceTask id="WF_20002_9227599435_9227599449_918_21" name="Voice Order Status Update - (918-21)" activiti:async="true" activiti:delegateExpression="${voiceOrderStatusUpdate}"></serviceTask>
    <intermediateCatchEvent id="WF_925_15_Activity_Signal">
      <signalEventDefinition signalRef="WF_925_15_Activity_Complete"></signalEventDefinition>
    </intermediateCatchEvent>
    <intermediateCatchEvent id="WF_923_9_Activity_Signal">
      <signalEventDefinition signalRef="WF_923_9_Activity_Complete"></signalEventDefinition>
    </intermediateCatchEvent>
    <serviceTask id="WF_20002_9227599435_9227599450_-1_-1" name="END(-1--1)" activiti:async="true" activiti:delegateExpression="${dummyActivity}"></serviceTask>
    <sequenceFlow id="WF_20002_9227599435_9227599448_202_18_WF_20002_9227599435_9227599449_918_21" sourceRef="WF_20002_9227599435_9227599448_202_18" targetRef="WF_20002_9227599435_9227599449_918_21"></sequenceFlow>
    <sequenceFlow id="WF_20002_9227599435_9227599449_918_21_WF_20002_9227599435_9227599450_-1_-1" sourceRef="WF_20002_9227599435_9227599449_918_21" targetRef="WF_20002_9227599435_9227599450_-1_-1"></sequenceFlow>
    <intermediateCatchEvent id="WF_924_10_Activity_Signal">
      <signalEventDefinition signalRef="WF_924_10_Activity_Complete"></signalEventDefinition>
    </intermediateCatchEvent>
    <sequenceFlow id="start_20002_9227599435" sourceRef="WF_20002_9227599435_startEvent" targetRef="WF_20002_9227599435_9227599436_207_3"></sequenceFlow>
    <serviceTask id="WF_20002_9227599435_9227599441_931_12" name="Remove ANI From EFS (931-12)" activiti:async="true" activiti:delegateExpression="${provisionAccountCode}"></serviceTask>
    <intermediateCatchEvent id="WF_931_12_Activity_Signal">
      <signalEventDefinition signalRef="WF_931_12_Activity_Complete"></signalEventDefinition>
    </intermediateCatchEvent>
    <sequenceFlow id="WF_20002_9227599435_9227599438_923_9_WF_20002_9227599435_9227599439_924_10" sourceRef="WF_20002_9227599435_9227599438_923_9" targetRef="WF_923_9_Activity_Signal"></sequenceFlow>
    <sequenceFlow id="sid-B936AF22-F83C-4A16-A90F-26C3BF526456" sourceRef="WF_923_9_Activity_Signal" targetRef="WF_20002_9227599435_9227599439_924_10"></sequenceFlow>
    <serviceTask id="WF_20002_9227599435_9227599440_929_11" name="Check if EFS call needed? (929-11)" activiti:async="true" activiti:delegateExpression="${isEFSRequired}"></serviceTask>
    <sequenceFlow id="WF_20002_9227599435_9227599439_924_10_WF_20002_9227599435_9227599440_929_11" sourceRef="WF_20002_9227599435_9227599439_924_10" targetRef="WF_924_10_Activity_Signal"></sequenceFlow>
    <exclusiveGateway id="OR_WF_20002_9227599435_51_13"></exclusiveGateway>
    <serviceTask id="WF_20002_9227599435_51_13" name="Artificial OR Condition(51-13)" activiti:async="true" activiti:delegateExpression="${genericActivity}"></serviceTask>
    <serviceTask id="WF_20002_9227599435_9227599444_943_14" name="Check if Mediation call needed? (943-14)" activiti:async="true" activiti:delegateExpression="${isRatePlanPresent}"></serviceTask>
    <exclusiveGateway id="OR_WF_20002_9227599435_51_16"></exclusiveGateway>
    <serviceTask id="WF_20002_9227599435_51_16" name="Artificial OR Condition(51-16)" activiti:async="true" activiti:delegateExpression="${genericActivity}"></serviceTask>
    <sequenceFlow id="WF_20002_9227599435_9227599436_207_3_WF_20002_9227599435_9227599437_922_6" sourceRef="WF_20002_9227599435_9227599436_207_3" targetRef="WF_20002_9227599435_9227599437_922_6"></sequenceFlow>
    <sequenceFlow id="WF_20002_9227599435_9227599437_922_6_WF_20002_9227599435_9227599438_923_9" sourceRef="WF_20002_9227599435_9227599437_922_6" targetRef="WF_20002_9227599435_9227599438_923_9"></sequenceFlow>
    <sequenceFlow id="sid-739F89FE-37E8-47C3-B5C9-077BE759561A" sourceRef="WF_924_10_Activity_Signal" targetRef="WF_20002_9227599435_9227599440_929_11"></sequenceFlow>
    <sequenceFlow id="seq1_OR_WF_20002_9227599435_9227599442_51_13" sourceRef="WF_20002_9227599435_9227599440_929_11" targetRef="OR_WF_20002_9227599435_51_13">
      <conditionExpression xsi:type="tFormalExpression"><![CDATA[${WF_20002_9227599435_9227599440_929_11.equals("F")}]]></conditionExpression>
    </sequenceFlow>
    <sequenceFlow id="WF_20002_9227599435_9227599440_929_11_WF_20002_9227599435_9227599441_931_12" sourceRef="WF_20002_9227599435_9227599440_929_11" targetRef="WF_20002_9227599435_9227599441_931_12">
      <conditionExpression xsi:type="tFormalExpression"><![CDATA[${WF_20002_9227599435_9227599440_929_11.equals("T")}]]></conditionExpression>
    </sequenceFlow>
    <sequenceFlow id="WF_20002_9227599435_9227599444_943_14_WF_20002_9227599435_9227599445_925_15" sourceRef="WF_20002_9227599435_9227599444_943_14" targetRef="WF_20002_9227599435_9227599445_925_15">
      <conditionExpression xsi:type="tFormalExpression"><![CDATA[${WF_20002_9227599435_9227599444_943_14.equals("T")}]]></conditionExpression>
    </sequenceFlow>
    <sequenceFlow id="WF_20002_9227599435_9227599441_931_12_WF_20002_9227599435_51_13" sourceRef="WF_20002_9227599435_9227599441_931_12" targetRef="WF_931_12_Activity_Signal"></sequenceFlow>
    <sequenceFlow id="seq1_OR_WF_20002_9227599435_9227599443_51_13" sourceRef="WF_931_12_Activity_Signal" targetRef="OR_WF_20002_9227599435_51_13"></sequenceFlow>
    <sequenceFlow id="WF_20002_9227599435_9227599445_925_15_WF_20002_9227599435_51_16" sourceRef="WF_20002_9227599435_9227599445_925_15" targetRef="WF_925_15_Activity_Signal"></sequenceFlow>
    <sequenceFlow id="seq1_OR_WF_20002_9227599435_9227599447_51_16" sourceRef="WF_925_15_Activity_Signal" targetRef="OR_WF_20002_9227599435_51_16"></sequenceFlow>
    <sequenceFlow id="seq1_OR_WF_20002_9227599435_9227599446_51_16" sourceRef="WF_20002_9227599435_9227599444_943_14" targetRef="OR_WF_20002_9227599435_51_16">
      <conditionExpression xsi:type="tFormalExpression"><![CDATA[${WF_20002_9227599435_9227599444_943_14.equals("F")}]]></conditionExpression>
    </sequenceFlow>
    <sequenceFlow id="seq_OR_WF_20002_9227599435_9227599443_51_13" sourceRef="OR_WF_20002_9227599435_51_13" targetRef="WF_20002_9227599435_51_13"></sequenceFlow>
    <sequenceFlow id="seq_OR_WF_20002_9227599435_9227599447_51_16" sourceRef="OR_WF_20002_9227599435_51_16" targetRef="WF_20002_9227599435_51_16"></sequenceFlow>
    <sequenceFlow id="WF_20002_9227599435_51_13_WF_20002_9227599435_9227599444_943_14" sourceRef="WF_20002_9227599435_51_13" targetRef="WF_20002_9227599435_9227599444_943_14"></sequenceFlow>
    <sequenceFlow id="WF_20002_9227599435_51_16_WF_20002_9227599435_9227599448_202_18" sourceRef="WF_20002_9227599435_51_16" targetRef="WF_20002_9227599435_9227599448_202_18"></sequenceFlow>
  </process>
  <bpmndi:BPMNDiagram id="BPMNDiagram_WF_20002_9227599435">
    <bpmndi:BPMNPlane bpmnElement="WF_20002_9227599435" id="BPMNPlane_WF_20002_9227599435">
      <bpmndi:BPMNShape bpmnElement="WF_20002_9227599435_startEvent" id="BPMNShape_WF_20002_9227599435_startEvent">
        <omgdc:Bounds height="30.0" width="30.0" x="65.0" y="541.5"></omgdc:Bounds>
      </bpmndi:BPMNShape>
      <bpmndi:BPMNShape bpmnElement="WF_20002_9227599435_9227599436_207_3" id="BPMNShape_WF_20002_9227599435_9227599436_207_3">
        <omgdc:Bounds height="60.0" width="100.0" x="145.0" y="526.5"></omgdc:Bounds>
      </bpmndi:BPMNShape>
      <bpmndi:BPMNShape bpmnElement="WF_20002_9227599435_9227599437_922_6" id="BPMNShape_WF_20002_9227599435_9227599437_922_6">
        <omgdc:Bounds height="60.0" width="100.0" x="310.0" y="526.5"></omgdc:Bounds>
      </bpmndi:BPMNShape>
      <bpmndi:BPMNShape bpmnElement="WF_20002_9227599435_9227599438_923_9" id="BPMNShape_WF_20002_9227599435_9227599438_923_9">
        <omgdc:Bounds height="60.0" width="100.0" x="470.0" y="526.5"></omgdc:Bounds>
      </bpmndi:BPMNShape>
      <bpmndi:BPMNShape bpmnElement="WF_20002_9227599435_9227599439_924_10" id="BPMNShape_WF_20002_9227599435_9227599439_924_10">
        <omgdc:Bounds height="60.0" width="100.0" x="615.0000000000001" y="526.5000000000001"></omgdc:Bounds>
      </bpmndi:BPMNShape>
      <bpmndi:BPMNShape bpmnElement="WF_20002_9227599435_9227599445_925_15" id="BPMNShape_WF_20002_9227599435_9227599445_925_15">
        <omgdc:Bounds height="60.000000000000114" width="100.0" x="915.0" y="675.0"></omgdc:Bounds>
      </bpmndi:BPMNShape>
      <bpmndi:BPMNShape bpmnElement="WF_20002_9227599435_9227599448_202_18" id="BPMNShape_WF_20002_9227599435_9227599448_202_18">
        <omgdc:Bounds height="59.999999999999886" width="100.0" x="1327.4999999999995" y="525.0000000000002"></omgdc:Bounds>
      </bpmndi:BPMNShape>
      <bpmndi:BPMNShape bpmnElement="WF_20002_9227599435_9227599449_918_21" id="BPMNShape_WF_20002_9227599435_9227599449_918_21">
        <omgdc:Bounds height="59.999999999999886" width="100.0" x="1492.4999999999995" y="525.0000000000002"></omgdc:Bounds>
      </bpmndi:BPMNShape>
      <bpmndi:BPMNShape bpmnElement="WF_925_15_Activity_Signal" id="BPMNShape_WF_925_15_Activity_Signal">
        <omgdc:Bounds height="30.0" width="30.0" x="1070.0000000000005" y="630.0000000000002"></omgdc:Bounds>
      </bpmndi:BPMNShape>
      <bpmndi:BPMNShape bpmnElement="WF_923_9_Activity_Signal" id="BPMNShape_WF_923_9_Activity_Signal">
        <omgdc:Bounds height="30.0" width="30.0" x="570.0000000000001" y="630.0000000000001"></omgdc:Bounds>
      </bpmndi:BPMNShape>
      <bpmndi:BPMNShape bpmnElement="WF_20002_9227599435_9227599450_-1_-1" id="BPMNShape_WF_20002_9227599435_9227599450_-1_-1">
        <omgdc:Bounds height="59.999999999999886" width="100.0" x="1642.4999999999995" y="525.0000000000002"></omgdc:Bounds>
      </bpmndi:BPMNShape>
      <bpmndi:BPMNShape bpmnElement="WF_924_10_Activity_Signal" id="BPMNShape_WF_924_10_Activity_Signal">
        <omgdc:Bounds height="30.0" width="30.0" x="540.0000000000001" y="840.0000000000001"></omgdc:Bounds>
      </bpmndi:BPMNShape>
      <bpmndi:BPMNShape bpmnElement="WF_20002_9227599435_9227599441_931_12" id="BPMNShape_WF_20002_9227599435_9227599441_931_12">
        <omgdc:Bounds height="60.0" width="100.0" x="810.0000000000001" y="960.0000000000002"></omgdc:Bounds>
      </bpmndi:BPMNShape>
      <bpmndi:BPMNShape bpmnElement="WF_931_12_Activity_Signal" id="BPMNShape_WF_931_12_Activity_Signal">
        <omgdc:Bounds height="30.0" width="30.0" x="845.0000000000002" y="885.0000000000003"></omgdc:Bounds>
      </bpmndi:BPMNShape>
      <bpmndi:BPMNShape bpmnElement="WF_20002_9227599435_9227599440_929_11" id="BPMNShape_WF_20002_9227599435_9227599440_929_11">
        <omgdc:Bounds height="60.0" width="100.0" x="630.0000000000001" y="960.0000000000001"></omgdc:Bounds>
      </bpmndi:BPMNShape>
      <bpmndi:BPMNShape bpmnElement="OR_WF_20002_9227599435_51_13" id="BPMNShape_OR_WF_20002_9227599435_51_13">
        <omgdc:Bounds height="40.0" width="40.0" x="745.0000000000005" y="825.0000000000002"></omgdc:Bounds>
      </bpmndi:BPMNShape>
      <bpmndi:BPMNShape bpmnElement="WF_20002_9227599435_51_13" id="BPMNShape_WF_20002_9227599435_51_13">
        <omgdc:Bounds height="60.0" width="100.0" x="715.0000000000003" y="615.0000000000002"></omgdc:Bounds>
      </bpmndi:BPMNShape>
      <bpmndi:BPMNShape bpmnElement="WF_20002_9227599435_9227599444_943_14" id="BPMNShape_WF_20002_9227599435_9227599444_943_14">
        <omgdc:Bounds height="60.0" width="100.0" x="810.0000000000001" y="525.0000000000001"></omgdc:Bounds>
      </bpmndi:BPMNShape>
      <bpmndi:BPMNShape bpmnElement="OR_WF_20002_9227599435_51_16" id="BPMNShape_OR_WF_20002_9227599435_51_16">
        <omgdc:Bounds height="40.0" width="40.0" x="1065.0000000000005" y="535.0000000000001"></omgdc:Bounds>
      </bpmndi:BPMNShape>
      <bpmndi:BPMNShape bpmnElement="WF_20002_9227599435_51_16" id="BPMNShape_WF_20002_9227599435_51_16">
        <omgdc:Bounds height="59.999999999999886" width="100.0" x="1170.0" y="525.0000000000002"></omgdc:Bounds>
      </bpmndi:BPMNShape>
      <bpmndi:BPMNEdge bpmnElement="WF_20002_9227599435_9227599438_923_9_WF_20002_9227599435_9227599439_924_10" id="BPMNEdge_WF_20002_9227599435_9227599438_923_9_WF_20002_9227599435_9227599439_924_10">
        <omgdi:waypoint x="520.0" y="586.5"></omgdi:waypoint>
        <omgdi:waypoint x="520.0" y="645.0"></omgdi:waypoint>
        <omgdi:waypoint x="570.0000000000001" y="645.0000000000001"></omgdi:waypoint>
      </bpmndi:BPMNEdge>
      <bpmndi:BPMNEdge bpmnElement="seq1_OR_WF_20002_9227599435_9227599443_51_13" id="BPMNEdge_seq1_OR_WF_20002_9227599435_9227599443_51_13">
        <omgdi:waypoint x="860.0000000000001" y="885.0000000000003"></omgdi:waypoint>
        <omgdi:waypoint x="860.0" y="845.0000000000002"></omgdi:waypoint>
        <omgdi:waypoint x="785.0000000000005" y="845.0000000000002"></omgdi:waypoint>
      </bpmndi:BPMNEdge>
      <bpmndi:BPMNEdge bpmnElement="sid-739F89FE-37E8-47C3-B5C9-077BE759561A" id="BPMNEdge_sid-739F89FE-37E8-47C3-B5C9-077BE759561A">
        <omgdi:waypoint x="555.0000000000001" y="870.0000000000001"></omgdi:waypoint>
        <omgdi:waypoint x="555.0" y="990.0000000000001"></omgdi:waypoint>
        <omgdi:waypoint x="630.0000000000001" y="990.0000000000001"></omgdi:waypoint>
      </bpmndi:BPMNEdge>
      <bpmndi:BPMNEdge bpmnElement="WF_20002_9227599435_9227599448_202_18_WF_20002_9227599435_9227599449_918_21" id="BPMNEdge_WF_20002_9227599435_9227599448_202_18_WF_20002_9227599435_9227599449_918_21">
        <omgdi:waypoint x="1427.4999999999995" y="555.0000000000002"></omgdi:waypoint>
        <omgdi:waypoint x="1492.4999999999995" y="555.0000000000002"></omgdi:waypoint>
      </bpmndi:BPMNEdge>
      <bpmndi:BPMNEdge bpmnElement="WF_20002_9227599435_9227599437_922_6_WF_20002_9227599435_9227599438_923_9" id="BPMNEdge_WF_20002_9227599435_9227599437_922_6_WF_20002_9227599435_9227599438_923_9">
        <omgdi:waypoint x="410.0" y="556.5"></omgdi:waypoint>
        <omgdi:waypoint x="470.0" y="556.5"></omgdi:waypoint>
      </bpmndi:BPMNEdge>
      <bpmndi:BPMNEdge bpmnElement="WF_20002_9227599435_9227599449_918_21_WF_20002_9227599435_9227599450_-1_-1" id="BPMNEdge_WF_20002_9227599435_9227599449_918_21_WF_20002_9227599435_9227599450_-1_-1">
        <omgdi:waypoint x="1592.4999999999995" y="555.0000000000002"></omgdi:waypoint>
        <omgdi:waypoint x="1642.4999999999995" y="555.0000000000002"></omgdi:waypoint>
      </bpmndi:BPMNEdge>
      <bpmndi:BPMNEdge bpmnElement="start_20002_9227599435" id="BPMNEdge_start_20002_9227599435">
        <omgdi:waypoint x="95.0" y="556.5"></omgdi:waypoint>
        <omgdi:waypoint x="145.0" y="556.5"></omgdi:waypoint>
      </bpmndi:BPMNEdge>
      <bpmndi:BPMNEdge bpmnElement="sid-B936AF22-F83C-4A16-A90F-26C3BF526456" id="BPMNEdge_sid-B936AF22-F83C-4A16-A90F-26C3BF526456">
        <omgdi:waypoint x="585.0000000000001" y="630.0000000000001"></omgdi:waypoint>
        <omgdi:waypoint x="585.0" y="556.0"></omgdi:waypoint>
        <omgdi:waypoint x="615.0000000000001" y="556.1875"></omgdi:waypoint>
      </bpmndi:BPMNEdge>
      <bpmndi:BPMNEdge bpmnElement="WF_20002_9227599435_51_13_WF_20002_9227599435_9227599444_943_14" id="BPMNEdge_WF_20002_9227599435_51_13_WF_20002_9227599435_9227599444_943_14">
        <omgdi:waypoint x="765.0000000000003" y="615.0000000000002"></omgdi:waypoint>
        <omgdi:waypoint x="765.0000000000003" y="555.0000000000001"></omgdi:waypoint>
        <omgdi:waypoint x="810.0000000000001" y="555.0000000000001"></omgdi:waypoint>
      </bpmndi:BPMNEdge>
      <bpmndi:BPMNEdge bpmnElement="WF_20002_9227599435_9227599439_924_10_WF_20002_9227599435_9227599440_929_11" id="BPMNEdge_WF_20002_9227599435_9227599439_924_10_WF_20002_9227599435_9227599440_929_11">
        <omgdi:waypoint x="665.0000000000001" y="586.5000000000001"></omgdi:waypoint>
        <omgdi:waypoint x="665.0" y="713.0"></omgdi:waypoint>
        <omgdi:waypoint x="555.0" y="713.0"></omgdi:waypoint>
        <omgdi:waypoint x="555.0000000000001" y="840.0000000000001"></omgdi:waypoint>
      </bpmndi:BPMNEdge>
      <bpmndi:BPMNEdge bpmnElement="seq1_OR_WF_20002_9227599435_9227599447_51_16" id="BPMNEdge_seq1_OR_WF_20002_9227599435_9227599447_51_16">
        <omgdi:waypoint x="1085.0837975750305" y="630.0002340696126"></omgdi:waypoint>
        <omgdi:waypoint x="1085.3932584269667" y="574.6067415730338"></omgdi:waypoint>
      </bpmndi:BPMNEdge>
      <bpmndi:BPMNEdge bpmnElement="WF_20002_9227599435_9227599436_207_3_WF_20002_9227599435_9227599437_922_6" id="BPMNEdge_WF_20002_9227599435_9227599436_207_3_WF_20002_9227599435_9227599437_922_6">
        <omgdi:waypoint x="245.0" y="556.5"></omgdi:waypoint>
        <omgdi:waypoint x="310.0" y="556.5"></omgdi:waypoint>
      </bpmndi:BPMNEdge>
      <bpmndi:BPMNEdge bpmnElement="WF_20002_9227599435_9227599445_925_15_WF_20002_9227599435_51_16" id="BPMNEdge_WF_20002_9227599435_9227599445_925_15_WF_20002_9227599435_51_16">
        <omgdi:waypoint x="1015.0" y="705.0"></omgdi:waypoint>
        <omgdi:waypoint x="1085.0000000000005" y="705.0"></omgdi:waypoint>
        <omgdi:waypoint x="1085.0000000000005" y="660.0000000000002"></omgdi:waypoint>
      </bpmndi:BPMNEdge>
      <bpmndi:BPMNEdge bpmnElement="WF_20002_9227599435_9227599444_943_14_WF_20002_9227599435_9227599445_925_15" id="BPMNEdge_WF_20002_9227599435_9227599444_943_14_WF_20002_9227599435_9227599445_925_15">
        <omgdi:waypoint x="860.0000000000001" y="585.0000000000001"></omgdi:waypoint>
        <omgdi:waypoint x="860.0000000000001" y="705.0"></omgdi:waypoint>
        <omgdi:waypoint x="915.0" y="705.0"></omgdi:waypoint>
      </bpmndi:BPMNEdge>
      <bpmndi:BPMNEdge bpmnElement="WF_20002_9227599435_51_16_WF_20002_9227599435_9227599448_202_18" id="BPMNEdge_WF_20002_9227599435_51_16_WF_20002_9227599435_9227599448_202_18">
        <omgdi:waypoint x="1270.0" y="555.0000000000002"></omgdi:waypoint>
        <omgdi:waypoint x="1327.4999999999995" y="555.0000000000002"></omgdi:waypoint>
      </bpmndi:BPMNEdge>
      <bpmndi:BPMNEdge bpmnElement="WF_20002_9227599435_9227599440_929_11_WF_20002_9227599435_9227599441_931_12" id="BPMNEdge_WF_20002_9227599435_9227599440_929_11_WF_20002_9227599435_9227599441_931_12">
        <omgdi:waypoint x="730.0000000000001" y="990.0000000000001"></omgdi:waypoint>
        <omgdi:waypoint x="810.0000000000001" y="990.0000000000002"></omgdi:waypoint>
      </bpmndi:BPMNEdge>
      <bpmndi:BPMNEdge bpmnElement="seq_OR_WF_20002_9227599435_9227599447_51_16" id="BPMNEdge_seq_OR_WF_20002_9227599435_9227599447_51_16">
        <omgdi:waypoint x="1105.0000000000005" y="555.0000000000001"></omgdi:waypoint>
        <omgdi:waypoint x="1170.0" y="555.0000000000002"></omgdi:waypoint>
      </bpmndi:BPMNEdge>
      <bpmndi:BPMNEdge bpmnElement="WF_20002_9227599435_9227599441_931_12_WF_20002_9227599435_51_13" id="BPMNEdge_WF_20002_9227599435_9227599441_931_12_WF_20002_9227599435_51_13">
        <omgdi:waypoint x="860.0000000000001" y="960.0000000000002"></omgdi:waypoint>
        <omgdi:waypoint x="860.0000000000002" y="915.0000000000003"></omgdi:waypoint>
      </bpmndi:BPMNEdge>
      <bpmndi:BPMNEdge bpmnElement="seq_OR_WF_20002_9227599435_9227599443_51_13" id="BPMNEdge_seq_OR_WF_20002_9227599435_9227599443_51_13">
        <omgdi:waypoint x="765.0000000000005" y="825.0000000000002"></omgdi:waypoint>
        <omgdi:waypoint x="765.0000000000003" y="675.0000000000002"></omgdi:waypoint>
      </bpmndi:BPMNEdge>
      <bpmndi:BPMNEdge bpmnElement="seq1_OR_WF_20002_9227599435_9227599442_51_13" id="BPMNEdge_seq1_OR_WF_20002_9227599435_9227599442_51_13">
        <omgdi:waypoint x="680.0000000000001" y="960.0000000000001"></omgdi:waypoint>
        <omgdi:waypoint x="680.0000000000001" y="845.0000000000002"></omgdi:waypoint>
        <omgdi:waypoint x="745.0000000000005" y="845.0000000000002"></omgdi:waypoint>
      </bpmndi:BPMNEdge>
      <bpmndi:BPMNEdge bpmnElement="seq1_OR_WF_20002_9227599435_9227599446_51_16" id="BPMNEdge_seq1_OR_WF_20002_9227599435_9227599446_51_16">
        <omgdi:waypoint x="910.0000000000001" y="555.0000000000002"></omgdi:waypoint>
        <omgdi:waypoint x="1065.0000000000005" y="555.0000000000001"></omgdi:waypoint>
      </bpmndi:BPMNEdge>
    </bpmndi:BPMNPlane>
  </bpmndi:BPMNDiagram>
</definitions>