<?xml version="1.0" encoding="UTF-8"?>
<!--
<document>
  <properties>
    <title/>
    <author email=.. />
  </properties>
  <body>
    <release version=.. date=.. description=.. >
      <action dev=.. issue=.. type=.. date=.. >
      	<fixes issue=.. />
      </action>
    </release>
  </body>
</document> 

dates should be in yyyy-mm-dd format

action "type" attribute is add, fix, update, or remove

fixes "issue" attribute is user story number

See https://maven.apache.org/plugins/maven-changes-plugin/changes.html
 	for more information on this file format. 
-->
<document xmlns="http://maven.apache.org/changes/1.0.0"
		xmlns:xsi="http://www.w3.org/2001/XMLSchema-instance"
 		xsi:schemaLocation="http://maven.apache.org/changes/1.0.0 
 			http://maven.apache.org/xsd/changes-1.0.0.xsd">
	<properties>
		<title>Classes common to multiple Voice Microservices projects</title>
		<author email="Sudhir.Dadi@Level3.com">Sudhir Dadi</author>
	</properties>
	<body>
		<release version="1.0" date="2018-10-25" 
				description="First release">
			<action dev="dadi.sudhir" type="add">
				<fixes issue="Initial Checkin" />
			</action>			
 		</release>		
  	</body>
</document>
